Player,Debut,Age,Yrs,G,MP,FG,FGA,3P,3PA,FT,FTA,ORB,TRB,AST,STL,BLK,TOV,PF,PTS,FG%,3P%,FT%,MP.1,PTS.1,TRB.1,AST.1,year_team,W-L O/U,year_y,win,winner,contrib
Santi Aldama,Oct 27 '21 MEM @ POR,21,1,32,360,53,132,6,48,20,32,33,87,21,6,10,16,36,132,0.402,0.125,0.625,11.3,4.1,2.7,0.7,MEM_2021,41.5,2021,56,YES,1
Ziaire Williams,Oct 20 '21 MEM vs. CLE,20,1,62,1346,191,424,76,242,43,55,26,129,65,35,12,41,113,501,0.45,0.314,0.782,21.7,8.1,2.1,1.0,MEM_2021,41.5,2021,56,YES,1
Jose Alvarado,Nov 3 '21 NOP @ SAC,23,1,54,834,131,294,32,110,36,53,25,100,152,71,7,40,73,330,0.446,0.291,0.679,15.4,6.1,1.9,2.8,NOP_2021,39.5,2021,36,NO,1
Herbert Jones,Oct 20 '21 NOP vs. PHI,23,1,78,2335,274,576,57,169,137,163,98,296,167,130,60,100,238,742,0.476,0.337,0.84,29.9,9.5,3.8,2.1,NOP_2021,39.5,2021,36,NO,1
Trey Murphy III,Oct 20 '21 NOP vs. PHI,21,1,62,864,109,277,71,186,45,51,47,147,38,23,7,16,60,334,0.394,0.382,0.882,13.9,5.4,2.4,0.6,NOP_2021,39.5,2021,36,NO,1
Corey Kispert,Oct 22 '21 WAS vs. IND,22,1,77,1801,234,514,112,320,54,62,53,209,85,35,22,50,93,634,0.455,0.35,0.871,23.4,8.2,2.7,1.1,WAS_2021,33.5,2021,35,NO,1
Dalano Banton,Oct 20 '21 TOR vs. WAS,22,1,64,696,83,202,13,51,26,44,38,124,99,28,10,53,68,205,0.411,0.255,0.591,10.9,3.2,1.9,1.5,TOR_2021,35.5,2021,48,YES,1
Scottie Barnes,Oct 20 '21 TOR vs. WAS,20,1,74,2617,459,932,58,193,158,215,195,557,256,80,55,136,192,1134,0.492,0.301,0.735,35.4,15.3,7.5,3.5,TOR_2021,35.5,2021,48,YES,1
Justin Champagnie,Oct 22 '21 TOR @ BOS,20,1,36,281,31,67,10,28,9,9,37,72,11,8,4,8,32,81,0.463,0.357,1.0,7.8,2.3,2.0,0.3,TOR_2021,35.5,2021,48,YES,1
Ish Wainright,Nov 19 '21 PHO vs. DAL,27,1,45,359,41,104,19,59,7,12,27,54,15,20,6,13,49,108,0.394,0.322,0.583,8.0,2.4,1.2,0.3,PHO_2021,51.5,2021,64,YES,1
Leandro Bolmaro,Oct 20 '21 MIN vs. HOU,21,1,35,241,17,54,5,18,11,13,16,43,21,6,0,13,26,50,0.315,0.278,0.846,6.9,1.4,1.2,0.6,MIN_2021,35.5,2021,46,YES,1
Brandon Boston Jr.,Oct 25 '21 LAC vs. POR,20,1,51,760,125,325,34,111,59,72,17,111,51,26,13,31,43,343,0.385,0.306,0.819,14.9,6.7,2.2,1.0,LAC_2021,45.5,2021,42,YES,1
Keon Johnson,Nov 7 '21 LAC vs. CHO,19,1,37,697,96,272,34,100,41,51,24,81,76,28,12,46,69,267,0.353,0.34,0.804,18.8,7.2,2.2,2.1,LAC_2021,45.5,2021,42,YES,1
James Bouknight,Oct 22 '21 CHO @ CLE,21,1,31,304,49,141,17,49,27,31,22,52,26,7,1,15,29,142,0.348,0.347,0.871,9.8,4.6,1.7,0.8,CHO_2021,38.5,2021,43,YES,1
JT Thor,Oct 22 '21 CHO @ CLE,19,1,33,262,24,55,7,27,12,20,11,43,19,8,11,10,26,67,0.436,0.259,0.6,7.9,2.0,1.3,0.6,CHO_2021,38.5,2021,43,YES,1
Austin Reaves,Oct 22 '21 LAL vs. PHO,23,1,61,1418,146,318,53,167,99,118,45,193,110,29,20,40,87,444,0.459,0.317,0.839,23.2,7.3,3.2,1.8,LAL_2021,52.5,2021,33,NO,1
Greg Brown III,Oct 23 '21 POR vs. PHO,20,1,48,640,81,190,19,61,44,65,38,135,35,26,24,36,90,225,0.426,0.311,0.677,13.3,4.7,2.8,0.7,POR_2021,44.5,2021,27,NO,1
Trendon Watford,Nov 14 '21 POR @ DEN,21,1,48,869,142,267,9,38,71,94,57,199,81,25,28,44,116,364,0.532,0.237,0.755,18.1,7.6,4.1,1.7,POR_2021,44.5,2021,27,NO,1
Jared Butler,Oct 20 '21 UTA vs. OKC,21,1,42,360,61,151,28,88,11,16,5,45,63,17,8,33,47,161,0.404,0.318,0.688,8.6,3.8,1.1,1.5,UTA_2021,52.5,2021,49,YES,1
Chris Duarte,Oct 20 '21 IND @ CHO,24,1,55,1541,268,621,94,255,90,112,41,226,114,56,10,90,95,720,0.432,0.369,0.804,28.0,13.1,4.1,2.1,IND_2021,42.5,2021,25,NO,1
Isaiah Jackson,Oct 23 '21 IND vs. MIA,20,1,36,541,116,206,5,16,60,88,60,149,10,25,52,40,92,297,0.563,0.313,0.682,15.0,8.3,4.1,0.3,IND_2021,42.5,2021,25,NO,1
Keifer Sykes,Dec 29 '21 IND vs. CHO,28,1,32,566,69,190,27,90,15,17,8,45,62,12,4,33,51,180,0.363,0.3,0.882,17.7,5.6,1.4,1.9,IND_2021,42.5,2021,25,NO,1
Terry Taylor,Jan 5 '22 IND vs. BRK,22,1,33,714,135,220,12,38,36,51,95,172,41,14,8,23,61,318,0.614,0.316,0.706,21.6,9.6,5.2,1.2,IND_2021,42.5,2021,25,NO,1
Duane Washington Jr.,Oct 29 '21 IND @ BRK,21,1,48,968,173,427,81,215,46,61,4,83,85,26,3,57,66,473,0.405,0.377,0.754,20.2,9.9,1.7,1.8,IND_2021,42.5,2021,25,NO,1
Josh Christopher,Oct 20 '21 HOU @ MIN,20,1,74,1334,224,500,56,189,83,113,52,186,150,65,13,114,97,587,0.448,0.296,0.735,18.0,7.9,2.5,2.0,HOU_2021,27.5,2021,20,NO,1
Jalen Green,Oct 20 '21 HOU @ MIN,19,1,67,2138,406,954,157,458,188,236,33,226,176,44,18,135,103,1157,0.426,0.343,0.797,31.9,17.3,3.4,2.6,HOU_2021,27.5,2021,20,NO,1
Alperen Şengün,Oct 20 '21 HOU @ MIN,19,1,72,1489,249,525,29,117,165,232,138,393,185,59,68,145,214,692,0.474,0.248,0.711,20.7,9.6,5.5,2.6,HOU_2021,27.5,2021,20,NO,1
Bones Hyland,Oct 25 '21 DEN vs. CLE,21,1,69,1310,230,571,131,358,107,125,14,188,191,41,20,86,153,698,0.403,0.366,0.856,19.0,10.1,2.7,2.8,DEN_2021,47.5,2021,48,YES,1
Cade Cunningham,Oct 30 '21 DET vs. ORL,20,1,64,2088,429,1031,114,363,142,168,58,354,356,78,43,234,200,1114,0.416,0.314,0.845,32.6,17.4,5.5,5.6,DET_2021,24.5,2021,23,NO,1
Luka Garza,Oct 23 '21 DET @ CHI,23,1,32,389,66,147,16,49,38,61,58,100,20,9,6,18,55,186,0.449,0.327,0.623,12.2,5.8,3.1,0.6,DET_2021,24.5,2021,23,NO,1
Sandro Mamukelashvili,Oct 19 '21 MIL vs. BRK,22,1,41,407,57,115,22,52,18,22,35,82,22,9,9,15,28,154,0.496,0.423,0.818,9.9,3.8,2.0,0.5,MIL_2021,54.5,2021,51,YES,1
Ayo Dosunmu,Oct 20 '21 CHI @ DET,22,1,77,2110,278,535,70,186,53,78,27,214,256,60,29,108,182,679,0.52,0.376,0.679,27.4,8.8,2.8,3.3,CHI_2021,42.5,2021,46,YES,1
Jonathan Kuminga,Oct 30 '21 GSW vs. OKC,19,1,70,1185,236,460,50,149,130,190,54,234,64,31,22,74,146,652,0.513,0.336,0.684,16.9,9.3,3.3,0.9,GSW_2021,48.5,2021,53,YES,1
Moses Moody,Oct 19 '21 GSW @ LAL,19,1,52,607,80,183,40,110,28,36,17,80,23,7,10,13,43,228,0.437,0.364,0.778,11.7,4.4,1.5,0.4,GSW_2021,48.5,2021,53,YES,1
Kessler Edwards,Nov 16 '21 BRK vs. GSW,21,1,48,987,110,267,48,136,16,19,44,172,31,29,24,42,85,284,0.412,0.353,0.842,20.6,5.9,3.6,0.6,BRK_2021,56.5,2021,44,YES,1
Day'Ron Sharpe,Oct 24 '21 BRK vs. CHO,20,1,32,391,86,149,2,7,24,41,81,160,17,10,15,30,60,198,0.577,0.286,0.585,12.2,6.2,5.0,0.5,BRK_2021,56.5,2021,44,YES,1
Cam Thomas,Oct 19 '21 BRK @ MIL,20,1,67,1176,218,503,47,174,87,105,16,161,78,33,8,55,66,570,0.433,0.27,0.829,17.6,8.5,2.4,1.2,BRK_2021,56.5,2021,44,YES,1
Josh Giddey,Oct 20 '21 OKC @ UTA,19,1,54,1700,281,670,56,213,56,79,98,421,345,51,20,171,88,674,0.419,0.263,0.709,31.5,12.5,7.8,6.4,OKC_2021,23.5,2021,24,NO,1
Vit Krejci,Oct 20 '21 OKC @ UTA,21,1,30,690,68,167,32,98,19,22,18,101,57,19,8,29,65,187,0.407,0.327,0.864,23.0,6.2,3.4,1.9,OKC_2021,23.5,2021,24,NO,1
Tre Mann,Oct 20 '21 OKC @ UTA,20,1,60,1367,231,588,98,272,65,82,25,171,91,47,12,71,102,625,0.393,0.36,0.793,22.8,10.4,2.9,1.5,OKC_2021,23.5,2021,24,NO,1
Jeremiah Robinson-Earl,Oct 20 '21 OKC @ UTA,21,1,49,1087,134,324,58,165,40,54,75,274,49,29,15,39,75,366,0.414,0.352,0.741,22.2,7.5,5.6,1.0,OKC_2021,23.5,2021,24,NO,1
Aaron Wiggins,Nov 14 '21 OKC vs. BRK,23,1,50,1209,156,337,42,138,62,85,51,178,68,30,10,54,93,416,0.463,0.304,0.729,24.2,8.3,3.6,1.4,OKC_2021,23.5,2021,24,NO,1
Jalen Suggs,Oct 20 '21 ORL @ SAS,20,1,48,1307,198,548,42,196,126,163,26,171,209,59,19,143,142,564,0.361,0.214,0.773,27.2,11.8,3.6,4.4,ORL_2021,22.5,2021,22,NO,1
Franz Wagner,Oct 20 '21 ORL @ SAS,20,1,79,2429,456,975,96,271,189,219,84,356,231,68,34,119,164,1197,0.468,0.354,0.863,30.7,15.2,4.5,2.9,ORL_2021,22.5,2021,22,NO,1
Omer Yurtseven,Oct 21 '21 MIA vs. MIL,23,1,56,706,130,247,1,11,38,61,85,294,49,17,20,41,84,299,0.526,0.091,0.623,12.6,5.3,5.3,0.9,MIA_2021,48.5,2021,53,YES,1
Quentin Grimes,Oct 20 '21 NYK vs. BOS,21,1,46,786,95,235,72,189,13,19,24,94,44,31,11,28,72,275,0.404,0.381,0.684,17.1,6.0,2.0,1.0,NYK_2021,41.5,2021,37,NO,1
Miles McBride,Oct 22 '21 NYK @ ORL,21,1,40,372,32,108,17,68,8,12,4,42,41,14,1,5,45,89,0.296,0.25,0.667,9.3,2.2,1.1,1.0,NYK_2021,41.5,2021,37,NO,1
Jericho Sims,Oct 20 '21 NYK vs. BOS,23,1,41,555,39,54,0,0,12,29,61,169,21,11,22,20,66,90,0.722,,0.414,13.5,2.2,4.1,0.5,NYK_2021,41.5,2021,37,NO,1
Jock Landale,Oct 20 '21 SAS vs. ORL,26,1,54,589,101,204,29,89,34,41,63,138,45,10,14,31,53,265,0.495,0.326,0.829,10.9,4.9,2.6,0.8,SAS_2021,28.5,2021,34,NO,1
Joshua Primo,Oct 20 '21 SAS vs. ORL,19,1,50,965,101,270,42,137,44,59,32,113,81,20,23,57,79,288,0.374,0.307,0.746,19.3,5.8,2.3,1.6,SAS_2021,28.5,2021,34,NO,1
Davion Mitchell,Oct 20 '21 SAC @ POR,23,1,75,2076,352,843,101,320,56,85,33,166,313,55,24,114,141,861,0.418,0.316,0.659,27.7,11.5,2.2,4.2,SAC_2021,36.5,2021,30,NO,1
Evan Mobley,Oct 20 '21 CLE @ MEM,20,1,69,2331,422,830,23,92,167,252,143,570,174,56,115,133,147,1034,0.508,0.25,0.663,33.8,15.0,8.3,2.5,CLE_2021,26.5,2021,44,YES,1
Precious Achiuwa,Dec 23 '20 MIA @ ORL,21,1,61,737,124,228,0,1,56,110,73,208,29,20,28,43,91,304,0.544,0.0,0.509,12.1,5.0,3.4,0.5,MIA_2020,43.5,2020,40,YES,1
Jalen Smith,Dec 23 '20 PHO vs. DAL,20,1,27,156,22,50,4,17,5,7,7,37,4,1,5,7,16,53,0.44,0.235,0.714,5.8,2.0,1.4,0.1,PHO_2020,38.5,2020,51,YES,1
Cole Anthony,Dec 23 '20 ORL vs. MIA,20,1,47,1273,219,552,58,172,109,131,38,221,192,30,18,106,98,605,0.397,0.337,0.832,27.1,12.9,4.7,4.1,ORL_2020,31.5,2020,21,NO,1
Chuma Okeke,Dec 23 '20 ORL vs. MIA,22,1,45,1133,135,324,49,141,30,40,42,181,101,48,22,38,48,349,0.417,0.348,0.75,25.2,7.8,4.0,2.2,ORL_2020,31.5,2020,21,NO,1
Deni Avdija,Dec 23 '20 WAS @ PHI,20,1,54,1257,130,312,53,168,29,45,22,262,63,32,15,33,140,342,0.417,0.315,0.644,23.3,6.3,4.9,1.2,WAS_2020,32.5,2020,34,NO,1
Anthony Gill,Dec 29 '20 WAS vs. CHI,28,1,26,218,30,60,7,24,13,16,16,51,11,10,4,8,27,80,0.5,0.292,0.813,8.4,3.1,2.0,0.4,WAS_2020,32.5,2020,34,NO,1
Trent Forrest,Jan 5 '21 UTA @ BRK,22,1,30,302,32,71,5,26,19,19,11,44,45,9,4,21,22,88,0.451,0.192,1.0,10.1,2.9,1.5,1.5,UTA_2020,41.5,2020,52,YES,1
LaMelo Ball,Dec 23 '20 CHO @ CLE,19,1,51,1469,293,672,92,261,125,165,63,302,313,81,18,145,136,803,0.436,0.352,0.758,28.8,15.7,5.9,6.1,CHO_2020,26.5,2020,33,NO,1
Desmond Bane,Dec 23 '20 MEM vs. SAS,22,1,68,1519,234,499,117,271,40,49,31,210,118,41,16,59,125,625,0.469,0.432,0.816,22.3,9.2,3.1,1.7,MEM_2020,31.5,2020,38,YES,1
Xavier Tillman Sr.,Jan 3 '21 MEM vs. LAL,22,1,59,1085,167,299,22,65,34,53,74,256,75,44,33,45,116,390,0.559,0.338,0.642,18.4,6.6,4.3,1.3,MEM_2020,31.5,2020,38,YES,1
Saddiq Bey,Dec 26 '20 DET vs. CLE,21,1,70,1909,279,691,175,460,124,147,43,318,95,52,14,60,110,857,0.404,0.38,0.844,27.3,12.2,4.5,1.4,DET_2020,23.5,2020,20,NO,1
Killian Hayes,Dec 23 '20 DET @ MIN,19,1,26,670,71,201,20,72,14,17,6,69,138,27,10,83,57,176,0.353,0.278,0.824,25.8,6.8,2.7,5.3,DET_2020,23.5,2020,20,NO,1
Saben Lee,Jan 6 '21 DET @ MIL,21,1,48,781,99,210,8,23,61,89,20,97,174,32,13,55,76,267,0.471,0.348,0.685,16.3,5.6,2.0,3.6,DET_2020,23.5,2020,20,NO,1
Isaiah Stewart,Dec 28 '20 DET @ ATL,19,1,68,1455,226,409,21,63,64,92,159,453,59,39,86,67,184,537,0.553,0.333,0.696,21.4,7.9,6.7,0.9,DET_2020,23.5,2020,20,NO,1
Josh Green,Dec 23 '20 DAL @ PHO,20,1,39,445,42,93,4,25,13,23,28,78,28,16,3,17,35,101,0.452,0.16,0.565,11.4,2.6,2.0,0.7,DAL_2020,42.5,2020,42,YES,1
CJ Elleby,Dec 23 '20 POR vs. UTA,20,1,30,192,25,66,7,34,11,15,11,32,10,6,3,5,27,68,0.379,0.206,0.733,6.4,2.3,1.1,0.3,POR_2020,40.5,2020,42,YES,1
Mason Jones,Jan 8 '21 HOU vs. ORL,22,1,32,334,52,123,24,66,40,64,7,55,42,7,1,29,24,168,0.423,0.364,0.625,10.4,5.3,1.7,1.3,HOU_2020,34.5,2020,17,NO,1
Kenyon Martin Jr.,Jan 8 '21 HOU vs. ORL,20,1,45,1068,162,318,35,96,60,84,73,242,48,30,41,38,89,419,0.509,0.365,0.714,23.7,9.3,5.4,1.1,HOU_2020,34.5,2020,17,NO,1
Jae'Sean Tate,Dec 26 '20 HOU @ POR,25,1,70,2043,316,625,60,195,102,147,132,374,178,85,36,98,222,794,0.506,0.308,0.694,29.2,11.3,5.3,2.5,HOU_2020,34.5,2020,17,NO,1
Brodric Thomas,Dec 26 '20 HOU @ POR,24,1,32,399,39,108,16,59,31,46,8,53,30,15,10,22,40,125,0.361,0.271,0.674,12.5,3.9,1.7,0.9,HOU_2020,34.5,2020,17,NO,1
Sam Merrill,Dec 23 '20 MIL @ BOS,24,1,30,233,32,72,21,47,4,4,6,30,21,8,1,10,17,89,0.444,0.447,1.0,7.8,3.0,1.0,0.7,MIL_2020,49.5,2020,46,YES,1
Jordan Nwora,Dec 25 '20 MIL vs. GSW,22,1,30,274,62,135,28,62,19,25,9,60,7,16,7,24,22,171,0.459,0.452,0.76,9.1,5.7,2.0,0.2,MIL_2020,49.5,2020,46,YES,1
Facundo Campazzo,Dec 23 '20 DEN vs. SAC,29,1,65,1425,120,315,76,216,80,91,22,134,232,79,14,73,132,396,0.381,0.352,0.879,21.9,6.1,2.1,3.6,DEN_2020,44.5,2020,47,YES,1
R.J. Hampton,Dec 28 '20 DEN vs. HOU,19,1,51,888,136,313,27,87,55,82,29,179,87,21,10,53,61,354,0.435,0.31,0.671,17.4,6.9,3.5,1.7,DEN_2020,44.5,2020,47,YES,1
Markus Howard,Dec 25 '20 DEN vs. LAC,21,1,37,205,40,106,18,65,7,9,1,21,18,4,1,18,23,105,0.377,0.277,0.778,5.5,2.8,0.6,0.5,DEN_2020,44.5,2020,47,YES,1
Zeke Nnaji,Dec 28 '20 DEN vs. HOU,20,1,42,397,50,104,24,59,12,15,14,65,10,8,4,7,29,136,0.481,0.407,0.8,9.5,3.2,1.5,0.2,DEN_2020,44.5,2020,47,YES,1
Théo Maledon,Dec 26 '20 OKC @ CHO,19,1,65,1778,226,614,105,313,101,135,25,211,227,56,11,141,126,658,0.368,0.335,0.748,27.4,10.1,3.2,3.5,OKC_2020,22.5,2020,22,NO,1
Aleksej Pokusevski,Dec 26 '20 OKC @ CHO,19,1,45,1090,139,408,58,207,31,42,30,212,97,20,42,99,58,367,0.341,0.28,0.738,24.2,8.2,4.7,2.2,OKC_2020,22.5,2020,22,NO,1
Patrick Williams,Dec 23 '20 CHI vs. ATL,19,1,71,1983,255,528,54,138,91,125,66,327,99,64,46,98,126,655,0.483,0.391,0.728,27.9,9.2,4.6,1.4,CHI_2020,29.5,2020,31,NO,1
Anthony Edwards,Dec 23 '20 MIN vs. DET,19,1,72,2314,505,1211,171,520,211,272,59,336,211,82,36,160,129,1392,0.417,0.329,0.776,32.1,19.3,4.7,2.9,MIN_2020,29.5,2020,23,NO,1
Jaden McDaniels,Dec 27 '20 MIN @ LAL,20,1,63,1511,164,367,72,198,27,45,52,232,71,35,60,47,172,427,0.447,0.364,0.6,24.0,6.8,3.7,1.1,MIN_2020,29.5,2020,23,NO,1
Daniel Oturu,Dec 25 '20 LAC @ DEN,21,1,30,161,22,52,1,5,9,12,21,48,10,4,7,9,24,54,0.423,0.2,0.75,5.4,1.8,1.6,0.3,LAC_2020,46.5,2020,47,YES,1
Malachi Flynn,Dec 23 '20 TOR vs. NOP,22,1,47,928,127,340,54,168,45,56,10,116,137,38,7,43,68,353,0.374,0.321,0.804,19.7,7.5,2.5,2.9,TOR_2020,42.5,2020,27,NO,1
Tyrese Haliburton,Dec 23 '20 SAC @ DEN,20,1,58,1746,292,619,121,296,48,56,39,173,309,77,28,92,83,753,0.472,0.409,0.857,30.1,13.0,3.0,5.3,SAC_2020,28.5,2020,31,NO,1
Isaiah Joe,Dec 27 '20 PHI @ CLE,21,1,41,383,48,133,39,106,18,24,6,36,20,12,4,11,34,153,0.361,0.368,0.75,9.3,3.7,0.9,0.5,PHI_2020,43.5,2020,49,YES,1
Tyrese Maxey,Dec 23 '20 PHI vs. WAS,20,1,61,935,198,429,31,103,61,70,11,104,120,26,13,41,79,488,0.462,0.301,0.871,15.3,8.0,1.7,2.0,PHI_2020,43.5,2020,49,YES,1
Paul Reed,Jan 4 '21 PHI vs. CHO,21,1,26,177,42,78,0,6,4,8,30,61,12,10,13,12,29,88,0.538,0.0,0.5,6.8,3.4,2.3,0.5,PHI_2020,43.5,2020,49,YES,1
Tre Jones,Dec 30 '20 SAS vs. LAL,21,1,37,269,37,78,3,5,17,19,8,21,39,8,0,13,13,94,0.474,0.6,0.895,7.3,2.5,0.6,1.1,SAS_2020,28.5,2020,33,NO,1
Devin Vassell,Dec 23 '20 SAS @ MEM,20,1,62,1056,123,303,52,150,43,51,24,174,56,43,18,22,88,341,0.406,0.347,0.843,17.0,5.5,2.8,0.9,SAS_2020,28.5,2020,33,NO,1
Nathan Knight,Dec 23 '20 ATL @ CHI,23,1,33,279,37,100,6,33,44,55,27,72,8,9,10,15,22,124,0.37,0.182,0.8,8.5,3.8,2.2,0.2,ATL_2020,34.5,2020,41,YES,1
Skylar Mays,Dec 23 '20 ATL @ CHI,23,1,33,269,44,98,14,40,22,25,10,35,30,14,2,9,15,124,0.449,0.35,0.88,8.2,3.8,1.1,0.9,ATL_2020,34.5,2020,41,YES,1
Onyeka Okongwu,Jan 15 '21 ATL @ UTA,20,1,50,601,96,149,0,3,36,57,62,163,18,23,33,29,100,228,0.644,0.0,0.632,12.0,4.6,3.3,0.4,ATL_2020,34.5,2020,41,YES,1
Kira Lewis Jr.,Dec 29 '20 NOP @ PHO,19,1,54,904,130,337,40,120,43,51,12,71,124,38,10,34,88,343,0.386,0.333,0.843,16.7,6.4,1.3,2.3,NOP_2020,36.5,2020,31,NO,1
Naji Marshall,Jan 15 '21 NOP @ LAL,23,1,32,700,82,209,29,83,53,75,15,148,88,26,10,38,58,246,0.392,0.349,0.707,21.9,7.7,4.6,2.8,NOP_2020,36.5,2020,31,NO,1
Nico Mannion,Jan 4 '21 GSW vs. SAC,19,1,30,364,39,114,22,60,23,28,6,46,70,16,1,31,29,123,0.342,0.367,0.821,12.1,4.1,1.5,2.3,GSW_2020,37.5,2020,39,YES,1
James Wiseman,Dec 22 '20 GSW @ BRK,19,1,39,836,191,368,12,38,54,86,55,226,26,11,36,60,121,448,0.519,0.316,0.628,21.4,11.5,5.8,0.7,GSW_2020,37.5,2020,39,YES,1
Aaron Nesmith,Dec 25 '20 BOS vs. BRK,21,1,46,669,78,178,40,108,22,28,28,127,23,15,9,23,87,218,0.438,0.37,0.786,14.5,4.7,2.8,0.5,BOS_2020,44.5,2020,36,NO,1
Payton Pritchard,Dec 23 '20 BOS vs. MIL,23,1,66,1268,184,418,102,248,40,45,33,158,120,37,9,53,104,510,0.44,0.411,0.889,19.2,7.7,2.4,1.8,BOS_2020,44.5,2020,36,NO,1
Isaac Okoro,Dec 23 '20 CLE vs. CHO,20,1,67,2173,235,559,62,214,114,157,68,206,128,62,24,86,185,646,0.42,0.29,0.726,32.4,9.6,3.1,1.9,CLE_2020,22.5,2020,22,NO,1
Lamar Stevens,Dec 27 '20 CLE vs. PHI,23,1,40,499,62,136,4,25,37,51,24,96,25,17,13,23,53,165,0.456,0.16,0.725,12.5,4.1,2.4,0.6,CLE_2020,22.5,2020,22,NO,1
Dylan Windler,Dec 23 '20 CLE vs. CHO,24,1,31,513,57,130,26,77,21,27,20,107,33,19,12,32,37,161,0.438,0.338,0.778,16.5,5.2,3.5,1.1,CLE_2020,22.5,2020,22,NO,1
Reggie Perry,Dec 22 '20 BRK vs. GSW,20,1,26,211,32,78,4,21,10,13,27,73,14,6,6,15,40,78,0.41,0.19,0.769,8.1,3.0,2.8,0.5,BRK_2020,45.5,2020,48,YES,1
Immanuel Quickley,Dec 23 '20 NYK @ IND,21,1,64,1243,229,580,118,303,155,174,25,137,127,30,12,58,114,731,0.395,0.389,0.891,19.4,11.4,2.1,2.0,NYK_2020,21.5,2020,41,YES,1
Obi Toppin,Dec 23 '20 NYK @ IND,22,1,62,683,104,209,26,85,19,26,26,138,29,17,15,23,55,253,0.498,0.306,0.731,11.0,4.1,2.2,0.5,NYK_2020,21.5,2020,41,YES,1
Tyler Herro,Oct 23 '19 MIA vs. MEM,20,1,55,1508,270,631,116,298,87,100,16,224,121,34,9,87,76,743,0.428,0.389,0.87,27.4,13.5,4.1,2.2,MIA_2019,43.5,2019,44,YES,1
Kendrick Nunn,Oct 23 '19 MIA vs. MEM,24,1,67,1962,401,914,137,391,85,100,21,180,220,56,15,114,152,1024,0.439,0.35,0.85,29.3,15.3,2.7,3.3,MIA_2019,43.5,2019,44,YES,1
Chris Silva,Oct 23 '19 MIA vs. MEM,23,1,44,346,48,78,0,3,37,55,60,126,23,9,21,32,85,133,0.615,0.0,0.673,7.9,3.0,2.9,0.5,MIA_2019,43.5,2019,44,YES,1
Nickeil Alexander-Walker,Oct 22 '19 NOP @ TOR,21,1,47,591,98,266,46,133,25,37,9,84,89,17,8,54,57,267,0.368,0.346,0.676,12.6,5.7,1.8,1.9,NOP_2019,37.5,2019,30,NO,1
Jaxson Hayes,Oct 28 '19 NOP vs. GSW,19,1,64,1080,174,259,1,4,123,190,97,259,56,26,55,53,161,472,0.672,0.25,0.647,16.9,7.4,4.0,0.9,NOP_2019,37.5,2019,30,NO,1
Nicolò Melli,Oct 22 '19 NOP @ TOR,29,1,60,1042,136,323,69,206,54,73,38,180,82,34,23,46,124,395,0.421,0.335,0.74,17.4,6.6,3.0,1.4,NOP_2019,37.5,2019,30,NO,1
RJ Barrett,Oct 23 '19 NYK @ SAS,19,1,56,1704,292,727,63,197,156,254,50,279,143,55,17,124,122,803,0.402,0.32,0.614,30.4,14.3,5.0,2.6,NYK_2019,26.5,2019,21,NO,1
Darius Bazley,Oct 23 '19 OKC @ UTA,19,1,61,1130,125,317,49,141,43,62,30,246,41,23,41,45,55,342,0.394,0.348,0.694,18.5,5.6,4.0,0.7,OKC_2019,32.5,2019,44,YES,1
Luguentz Dort,Dec 6 '19 OKC vs. MIN,20,1,36,820,86,218,30,101,42,53,24,81,27,31,4,22,97,244,0.394,0.297,0.792,22.8,6.8,2.3,0.8,OKC_2019,32.5,2019,44,YES,1
Goga Bitadze,Oct 26 '19 IND @ CLE,20,1,54,471,70,150,8,42,24,33,25,106,23,10,37,28,65,172,0.467,0.19,0.727,8.7,3.2,2.0,0.4,IND_2019,46.5,2019,45,YES,1
Michael Porter Jr.,Oct 31 '19 DEN @ NOP,21,1,55,903,195,383,62,147,60,72,66,259,46,27,25,49,100,512,0.509,0.422,0.833,16.4,9.3,4.7,0.8,DEN_2019,53.0,2019,46,YES,1
Darius Garland,Oct 23 '19 CLE @ ORL,20,1,59,1824,280,699,105,296,63,72,27,111,229,42,4,151,92,728,0.401,0.355,0.875,30.9,12.3,1.9,3.9,CLE_2019,24.5,2019,19,NO,1
Kevin Porter Jr.,Oct 23 '19 CLE @ ORL,19,1,50,1162,186,421,53,158,73,101,22,162,109,46,14,93,135,498,0.442,0.335,0.723,23.2,10.0,3.2,2.2,CLE_2019,24.5,2019,19,NO,1
Sekou Doumbouya,Nov 23 '19 DET @ MIL,19,1,38,754,92,236,28,98,31,46,20,118,19,20,8,35,80,243,0.39,0.286,0.674,19.8,6.4,3.1,0.5,DET_2019,37.5,2019,20,NO,1
Ky Bowman,Oct 24 '19 GSW vs. LAC,22,1,45,1015,134,321,33,107,34,41,24,121,131,44,10,70,102,335,0.417,0.308,0.829,22.6,7.4,2.7,2.9,GSW_2019,47.5,2019,15,NO,1
Eric Paschall,Oct 24 '19 GSW vs. LAC,23,1,60,1654,318,640,37,129,164,212,82,275,127,32,13,94,125,837,0.497,0.287,0.774,27.6,14.0,4.6,2.1,GSW_2019,47.5,2019,15,NO,1
Jordan Poole,Oct 24 '19 GSW vs. LAC,20,1,57,1274,167,502,74,265,95,119,9,118,134,35,10,74,94,503,0.333,0.279,0.798,22.4,8.8,2.1,2.4,GSW_2019,47.5,2019,15,NO,1
Terence Davis,Oct 22 '19 TOR vs. NOP,22,1,72,1209,199,436,94,242,51,59,50,237,115,39,14,76,124,543,0.456,0.388,0.864,16.8,7.5,3.3,1.6,TOR_2019,46.5,2019,53,YES,1
Matt Thomas,Oct 26 '19 TOR @ CHI,25,1,41,440,73,150,47,99,9,12,9,61,22,10,1,16,38,202,0.487,0.475,0.75,10.7,4.9,1.5,0.5,TOR_2019,46.5,2019,53,YES,1
Bruno Fernando,Oct 24 '19 ATL @ DET,21,1,56,713,103,199,5,37,29,51,67,198,49,18,17,42,107,240,0.518,0.135,0.569,12.7,4.3,3.5,0.9,ATL_2019,33.5,2019,20,NO,1
De'Andre Hunter,Oct 24 '19 ATL @ DET,22,1,63,2018,280,683,108,304,110,144,44,286,112,44,18,103,182,778,0.41,0.355,0.764,32.0,12.3,4.5,1.8,ATL_2019,33.5,2019,20,NO,1
Cam Reddish,Oct 24 '19 ATL @ DET,20,1,58,1551,213,554,83,250,101,126,35,216,87,62,28,96,132,610,0.384,0.332,0.802,26.7,10.5,3.7,1.5,ATL_2019,33.5,2019,20,NO,1
Nassir Little,Oct 25 '19 POR @ SAC,19,1,48,573,65,151,14,59,28,44,31,108,22,13,14,15,72,172,0.43,0.237,0.636,11.9,3.6,2.3,0.5,POR_2019,46.5,2019,35,NO,1
Brandon Clarke,Oct 23 '19 MEM @ MIA,23,1,58,1300,296,479,23,64,85,112,92,345,81,32,48,55,100,700,0.618,0.359,0.759,22.4,12.1,5.9,1.4,MEM_2019,27.5,2019,34,NO,1
Marko Guduric,Oct 23 '19 MEM @ MIA,24,1,44,484,62,157,25,83,24,26,14,73,45,12,8,36,34,173,0.395,0.301,0.923,11.0,3.9,1.7,1.0,MEM_2019,27.5,2019,34,NO,1
Ja Morant,Oct 23 '19 MEM @ MIA,20,1,67,2074,447,937,60,179,239,308,51,259,488,58,18,220,110,1193,0.477,0.335,0.776,31.0,17.8,3.9,7.3,MEM_2019,27.5,2019,34,NO,1
Chris Clemons,Nov 3 '19 HOU @ MIA,22,1,33,291,57,142,37,107,10,11,4,30,27,9,6,19,26,161,0.401,0.346,0.909,8.8,4.9,0.9,0.8,HOU_2019,54.0,2019,44,YES,1
Terance Mann,Oct 24 '19 LAC @ GSW,23,1,41,362,37,79,7,20,18,27,10,55,53,11,5,18,46,99,0.468,0.35,0.667,8.8,2.4,1.3,1.3,LAC_2019,53.5,2019,49,YES,1
Jarrett Culver,Oct 23 '19 MIN @ BRK,20,1,63,1506,230,569,66,221,54,117,70,212,110,57,38,81,125,580,0.404,0.299,0.462,23.9,9.2,3.4,1.7,MIN_2019,35.5,2019,19,NO,1
Kelan Martin,Oct 25 '19 MIN @ CHO,24,1,31,495,71,181,25,96,30,31,12,96,23,7,9,20,51,197,0.392,0.26,0.968,16.0,6.4,3.1,0.7,MIN_2019,35.5,2019,19,NO,1
Jordan McLaughlin,Nov 6 '19 MIN @ MEM,23,1,30,590,87,178,29,76,26,39,7,49,125,34,4,31,31,229,0.489,0.382,0.667,19.7,7.6,1.6,4.2,MIN_2019,35.5,2019,19,NO,1
Naz Reid,Dec 8 '19 MIN @ LAL,20,1,30,495,100,243,32,97,37,53,34,124,35,19,22,22,83,269,0.412,0.33,0.698,16.5,9.0,4.1,1.2,MIN_2019,35.5,2019,19,NO,1
Carsen Edwards,Oct 23 '19 BOS @ PHI,21,1,37,351,42,128,24,76,13,19,6,47,24,12,4,15,34,121,0.328,0.316,0.684,9.5,3.3,1.3,0.6,BOS_2019,48.5,2019,48,YES,1
Javonte Green,Oct 25 '19 BOS vs. TOR,26,1,48,468,63,126,9,33,28,42,24,93,26,24,8,23,43,163,0.5,0.273,0.667,9.8,3.4,1.9,0.5,BOS_2019,48.5,2019,48,YES,1
Romeo Langford,Oct 30 '19 BOS vs. MIL,20,1,32,370,28,80,5,27,18,25,15,41,13,8,8,11,33,79,0.35,0.185,0.72,11.6,2.5,1.3,0.4,BOS_2019,48.5,2019,48,YES,1
Grant Williams,Oct 23 '19 BOS @ PHI,21,1,69,1043,87,211,24,96,39,54,59,178,68,30,36,50,163,237,0.412,0.25,0.722,15.1,3.4,2.6,1.0,BOS_2019,48.5,2019,48,YES,1
Wenyen Gabriel,Oct 23 '19 SAC @ PHO,22,1,30,235,21,48,6,20,15,22,21,52,8,11,7,16,39,63,0.438,0.3,0.682,7.8,2.1,1.7,0.3,SAC_2019,37.5,2019,31,NO,1
Justin James,Oct 25 '19 SAC vs. POR,23,1,36,232,35,84,9,29,10,21,6,32,18,6,9,8,17,89,0.417,0.31,0.476,6.4,2.5,0.9,0.5,SAC_2019,37.5,2019,31,NO,1
Daniel Gafford,Oct 26 '19 CHI vs. TOR,21,1,43,609,94,134,0,0,32,60,52,106,21,13,56,29,98,220,0.701,,0.533,14.2,5.1,2.5,0.5,CHI_2019,33.5,2019,22,NO,1
Coby White,Oct 23 '19 CHI @ CHO,19,1,65,1674,312,792,133,376,102,129,28,230,175,49,6,109,117,859,0.394,0.354,0.791,25.8,13.2,3.5,2.7,CHI_2019,33.5,2019,22,NO,1
Rui Hachimura,Oct 23 '19 WAS @ DAL,21,1,48,1444,254,545,25,87,116,140,78,294,87,37,8,53,105,649,0.466,0.287,0.829,30.1,13.5,6.1,1.8,WAS_2019,27.0,2019,25,NO,1
Anžejs Pasečņiks,Dec 18 '19 WAS vs. CHI,24,1,27,437,61,116,0,3,34,58,42,107,18,9,12,24,75,156,0.526,0.0,0.586,16.2,5.8,4.0,0.7,WAS_2019,27.0,2019,25,NO,1
Admiral Schofield,Oct 23 '19 WAS @ DAL,22,1,33,368,35,92,19,61,10,15,7,47,15,8,4,7,50,99,0.38,0.311,0.667,11.2,3.0,1.4,0.5,WAS_2019,27.0,2019,25,NO,1
Ty Jerome,Dec 2 '19 PHO @ CHO,22,1,31,328,38,113,14,50,12,16,7,46,44,15,3,18,29,102,0.336,0.28,0.75,10.6,3.3,1.5,1.4,PHO_2019,29.5,2019,34,NO,1
Cameron Johnson,Oct 26 '19 PHO vs. LAC,23,1,57,1255,176,405,106,272,46,57,49,187,69,36,20,32,88,504,0.435,0.39,0.807,22.0,8.8,3.3,1.2,PHO_2019,29.5,2019,34,NO,1
Cody Martin,Oct 25 '19 CHO vs. MIN,24,1,48,903,89,207,18,77,42,65,38,158,95,39,9,44,78,238,0.43,0.234,0.646,18.8,5.0,3.3,2.0,CHO_2019,23.5,2019,23,NO,1
P.J. Washington,Oct 23 '19 CHO vs. CHI,21,1,58,1759,268,589,86,230,88,136,58,316,123,51,44,93,158,710,0.455,0.374,0.647,30.3,12.2,5.4,2.1,CHO_2019,23.5,2019,23,NO,1
Matisse Thybulle,Oct 23 '19 PHI vs. BOS,22,1,65,1287,112,265,56,157,25,41,44,107,79,94,47,51,141,305,0.423,0.357,0.61,19.8,4.7,1.6,1.2,PHI_2019,54.5,2019,43,YES,1
Jaylen Adams,Oct 17 '18 ATL @ NYK,22,1,34,428,38,110,25,74,7,9,11,60,65,14,5,28,45,108,0.345,0.338,0.778,12.6,3.2,1.8,1.9,ATL_2018,23.5,2018,29,NO,1
Kevin Huerter,Oct 17 '18 ATL @ NYK,20,1,75,2048,275,657,136,353,41,56,60,245,214,65,25,109,155,727,0.419,0.385,0.732,27.3,9.7,3.3,2.9,ATL_2018,23.5,2018,29,NO,1
Omari Spellman,Oct 17 '18 ATL @ NYK,21,1,46,805,98,244,44,128,32,45,72,194,47,26,25,31,67,272,0.402,0.344,0.711,17.5,5.9,4.2,1.0,ATL_2018,23.5,2018,29,NO,1
Trae Young,Oct 17 '18 ATL @ NYK,20,1,81,2503,525,1256,156,482,343,414,64,301,653,72,15,308,140,1549,0.418,0.324,0.829,30.9,19.1,3.7,8.1,ATL_2018,23.5,2018,29,NO,1
Collin Sexton,Oct 17 '18 CLE @ TOR,20,1,82,2605,519,1206,119,296,214,255,57,236,243,44,6,185,186,1371,0.43,0.402,0.839,31.8,16.7,2.9,3.0,CLE_2018,30.5,2018,19,NO,1
Wendell Carter Jr.,Oct 18 '18 CHI @ PHI,19,1,44,1110,180,371,6,32,89,112,87,307,78,26,58,65,152,455,0.485,0.188,0.795,25.2,10.3,7.0,1.8,CHI_2018,30.0,2018,22,NO,1
Chandler Hutchison,Oct 18 '18 CHI @ PHI,22,1,44,895,96,209,14,50,23,38,31,185,34,23,6,25,59,229,0.459,0.28,0.605,20.3,5.2,4.2,0.8,CHI_2018,30.0,2018,22,NO,1
Grayson Allen,Oct 22 '18 UTA vs. MEM,23,1,38,416,67,178,32,99,45,60,3,23,25,6,6,33,47,211,0.376,0.323,0.75,10.9,5.6,0.6,0.7,UTA_2018,49.5,2018,50,YES,1
Ryan Broekhoff,Oct 17 '18 DAL @ PHO,28,1,42,453,57,126,38,93,15,19,8,63,22,6,4,16,35,167,0.452,0.409,0.789,10.8,4.0,1.5,0.5,DAL_2018,35.5,2018,33,NO,1
Jalen Brunson,Oct 17 '18 DAL @ PHO,22,1,73,1591,264,565,63,181,87,120,25,169,230,37,4,88,127,678,0.467,0.348,0.725,21.8,9.3,2.3,3.2,DAL_2018,35.5,2018,33,NO,1
Luka Dončić,Oct 17 '18 DAL @ PHO,19,1,72,2318,506,1186,168,514,346,485,86,563,429,77,25,247,137,1526,0.427,0.327,0.713,32.2,21.2,7.8,6.0,DAL_2018,35.5,2018,33,NO,1
Deandre Ayton,Oct 17 '18 PHO vs. DAL,20,1,71,2183,509,870,0,4,141,189,223,729,125,61,67,126,209,1159,0.585,0.0,0.746,30.7,16.3,10.3,1.8,PHO_2018,29.0,2018,19,NO,1
Mikal Bridges,Oct 17 '18 PHO vs. DAL,22,1,82,2417,242,563,105,313,95,118,56,264,173,129,38,70,201,684,0.43,0.335,0.805,29.5,8.3,3.2,2.1,PHO_2018,29.0,2018,19,NO,1
De'Anthony Melton,Oct 22 '18 PHO @ GSW,20,1,50,984,100,256,29,95,21,28,25,134,159,68,23,75,113,250,0.391,0.305,0.75,19.7,5.0,2.7,3.2,PHO_2018,29.0,2018,19,NO,1
Elie Okobo,Oct 17 '18 PHO vs. DAL,21,1,53,958,114,290,39,132,37,47,12,98,127,32,7,69,109,304,0.393,0.295,0.787,18.1,5.7,1.8,2.4,PHO_2018,29.0,2018,19,NO,1
Marvin Bagley III,Oct 17 '18 SAC vs. UTA,19,1,62,1567,356,706,30,96,181,262,162,471,62,33,59,98,120,923,0.504,0.313,0.691,25.3,14.9,7.6,1.0,SAC_2018,26.0,2018,39,NO,1
Harry Giles,Oct 17 '18 SAC vs. UTA,20,1,58,820,175,348,0,6,58,91,66,222,85,31,22,73,150,408,0.503,0.0,0.637,14.1,7.0,3.8,1.5,SAC_2018,26.0,2018,39,NO,1
Mo Bamba,Oct 17 '18 ORL vs. MIA,20,1,47,766,117,243,21,70,37,63,64,233,39,13,64,43,102,292,0.481,0.3,0.587,16.3,6.2,5.0,0.8,ORL_2018,31.0,2018,42,YES,1
Isaiah Briscoe,Oct 19 '18 ORL vs. CHO,22,1,39,559,55,138,11,34,15,26,5,74,87,11,2,31,66,136,0.399,0.324,0.577,14.3,3.5,1.9,2.2,ORL_2018,31.0,2018,42,YES,1
Keita Bates-Diop,Oct 26 '18 MIN vs. MIL,23,1,30,503,60,142,13,52,18,28,16,83,17,18,14,14,29,151,0.423,0.25,0.643,16.8,5.0,2.8,0.6,MIN_2018,41.5,2018,36,NO,1
Josh Okogie,Oct 20 '18 MIN @ DAL,20,1,74,1757,196,508,60,215,118,162,41,218,91,88,33,63,166,570,0.386,0.279,0.728,23.7,7.7,2.9,1.2,MIN_2018,41.5,2018,36,NO,1
Frank Jackson,Oct 17 '18 NOP @ HOU,20,1,61,1169,194,447,53,169,54,73,25,134,69,25,2,48,92,495,0.434,0.314,0.74,19.2,8.1,2.2,1.1,NOP_2018,45.5,2018,33,NO,1
Kenrich Williams,Oct 17 '18 NOP @ HOU,24,1,46,1079,107,279,52,156,13,19,55,219,83,45,19,36,95,279,0.384,0.333,0.684,23.5,6.1,4.8,1.8,NOP_2018,45.5,2018,33,NO,1
Jonah Bolden,Oct 16 '18 PHI @ BOS,23,1,44,639,80,162,34,96,13,27,47,165,40,17,39,36,99,207,0.494,0.354,0.481,14.5,4.7,3.8,0.9,PHI_2018,53.5,2018,51,YES,1
Landry Shamet,Oct 16 '18 PHI @ BOS,21,1,79,1802,240,557,167,396,75,93,21,134,117,37,10,45,155,722,0.431,0.422,0.806,22.8,9.1,1.7,1.5,PHI_2018,53.5,2018,51,YES,1
Svi Mykhailiuk,Oct 22 '18 LAL vs. SAS,21,1,42,440,46,140,29,89,12,20,9,36,37,14,1,21,25,133,0.329,0.326,0.6,10.5,3.2,0.9,0.9,LAL_2018,48.5,2018,37,NO,1
Moritz Wagner,Nov 17 '18 LAL @ ORL,21,1,43,446,71,171,22,77,43,53,17,85,24,11,13,39,57,207,0.415,0.286,0.811,10.4,4.8,2.0,0.6,LAL_2018,48.5,2018,37,NO,1
Miles Bridges,Oct 17 '18 CHO vs. MIL,20,1,80,1696,237,511,65,200,58,77,67,323,95,55,49,50,111,597,0.464,0.325,0.753,21.2,7.5,4.0,1.2,CHO_2018,35.5,2018,39,NO,1
Devonte' Graham,Oct 22 '18 CHO @ TOR,23,1,46,676,74,216,34,121,35,46,10,63,121,23,2,30,48,217,0.343,0.281,0.761,14.7,4.7,1.4,2.6,CHO_2018,35.5,2018,39,NO,1
Bruce Brown,Oct 17 '18 DET vs. BRK,22,1,74,1449,125,314,24,93,45,60,48,185,91,40,36,46,178,319,0.398,0.258,0.75,19.6,4.3,2.5,1.2,DET_2018,38.5,2018,41,NO,1
Troy Brown Jr.,Oct 24 '18 WAS @ GSW,19,1,52,730,97,234,22,69,32,47,35,145,80,21,5,30,56,248,0.415,0.319,0.681,14.0,4.8,2.8,1.5,WAS_2018,45.5,2018,32,NO,1
Deonte Burton,Oct 19 '18 OKC @ LAC,25,1,32,240,33,82,8,27,8,12,4,28,9,6,8,9,31,82,0.402,0.296,0.667,7.5,2.6,0.9,0.3,OKC_2018,48.5,2018,49,YES,1
Hamidou Diallo,Oct 16 '18 OKC @ GSW,20,1,51,526,75,165,4,24,36,59,38,97,17,21,10,23,77,190,0.455,0.167,0.61,10.3,3.7,1.9,0.3,OKC_2018,48.5,2018,49,YES,1
Jevon Carter,Dec 15 '18 MEM vs. HOU,23,1,39,577,56,185,34,102,26,32,14,66,69,26,11,33,55,172,0.303,0.333,0.813,14.8,4.4,1.7,1.8,MEM_2018,34.5,2018,33,NO,1
Jaren Jackson Jr.,Oct 17 '18 MEM @ IND,19,1,58,1515,298,589,51,142,151,197,73,272,64,52,82,98,220,798,0.506,0.359,0.766,26.1,13.8,4.7,1.1,MEM_2018,34.5,2018,33,NO,1
Gary Clark,Oct 17 '18 HOU vs. NOP,24,1,51,641,50,151,41,138,7,7,24,116,18,20,26,7,47,148,0.331,0.297,1.0,12.6,2.9,2.3,0.4,HOU_2018,56.5,2018,53,YES,1
Rodions Kurucs,Oct 17 '18 BRK @ DET,20,1,63,1294,202,449,58,184,72,92,56,246,52,41,25,77,146,534,0.45,0.315,0.783,20.5,8.5,3.9,0.8,BRK_2018,32.0,2018,42,YES,1
Shai Gilgeous-Alexander,Oct 17 '18 LAC vs. DEN,20,1,82,2174,341,716,51,139,156,195,57,232,270,96,45,141,175,889,0.476,0.367,0.8,26.5,10.8,2.8,3.3,LAC_2018,37.0,2018,48,YES,1
Jerome Robinson,Oct 26 '18 LAC @ HOU,21,1,33,320,44,110,18,57,6,9,3,41,19,11,3,13,46,112,0.4,0.316,0.667,9.7,3.4,1.2,0.6,LAC_2018,37.0,2018,48,YES,1
Jacob Evans,Oct 22 '18 GSW vs. PHO,21,1,30,204,18,53,4,15,0,1,6,25,23,5,3,11,28,40,0.34,0.267,0.0,6.8,1.3,0.8,0.8,GSW_2018,62.5,2018,57,YES,1
Kevin Knox,Oct 17 '18 NYK vs. ATL,19,1,75,2158,338,914,125,364,162,226,61,335,82,43,24,114,175,963,0.37,0.343,0.717,28.8,12.8,4.5,1.1,NYK_2018,28.5,2018,17,NO,1
Mitchell Robinson,Oct 17 '18 NYK vs. ATL,20,1,66,1360,202,291,0,0,81,135,177,423,37,52,161,35,217,485,0.694,,0.6,20.6,7.3,6.4,0.6,NYK_2018,28.5,2018,17,NO,1
Allonzo Trier,Oct 17 '18 NYK vs. ATL,23,1,64,1459,232,518,52,132,179,223,31,197,119,28,14,116,117,695,0.448,0.394,0.803,22.8,10.9,3.1,1.9,NYK_2018,28.5,2018,17,NO,1
Aaron Holiday,Oct 17 '18 IND vs. MEM,22,1,50,646,105,262,43,127,41,50,5,67,87,21,13,40,71,294,0.401,0.339,0.82,12.9,5.9,1.3,1.7,IND_2018,47.5,2018,48,YES,1
Brad Wanamaker,Oct 16 '18 BOS vs. PHI,29,1,36,343,50,105,16,39,24,28,3,41,56,12,2,19,34,140,0.476,0.41,0.857,9.5,3.9,1.1,1.6,BOS_2018,59.0,2018,49,YES,1
Robert Williams,Oct 22 '18 BOS vs. ORL,21,1,32,283,36,51,0,0,9,15,27,81,7,9,40,10,36,81,0.706,,0.6,8.8,2.5,2.5,0.2,BOS_2018,59.0,2018,49,YES,1
Bam Adebayo,Oct 18 '17 MIA @ ORL,20,1,69,1368,174,340,0,7,129,179,118,381,101,32,41,66,138,477,0.512,0.0,0.721,19.8,6.9,5.5,1.5,MIA_2017,43.5,2017,44,YES,1
Jarrett Allen,Oct 20 '17 BRK vs. ORL,19,1,72,1441,234,397,5,15,114,147,144,388,49,28,88,82,147,587,0.589,0.333,0.776,20.0,8.2,5.4,0.7,BRK_2017,27.5,2017,28,NO,1
Abdel Nader,Oct 18 '17 BOS vs. MIL,24,1,48,522,50,149,23,65,23,39,13,71,26,15,10,34,45,146,0.336,0.354,0.59,10.9,3.0,1.5,0.5,BOS_2017,53.5,2017,55,YES,1
Semi Ojeleye,Oct 17 '17 BOS @ CLE,23,1,73,1150,65,188,40,125,25,41,37,161,20,21,4,25,91,195,0.346,0.32,0.61,15.8,2.7,2.2,0.3,BOS_2017,53.5,2017,55,YES,1
Jayson Tatum,Oct 17 '17 BOS @ CLE,19,1,80,2443,397,835,105,242,213,258,50,402,128,83,58,114,170,1112,0.475,0.434,0.826,30.5,13.9,5.0,1.6,BOS_2017,53.5,2017,55,YES,1
Daniel Theis,Oct 18 '17 BOS vs. MIL,25,1,63,936,126,233,18,58,61,81,90,274,56,30,48,56,157,331,0.541,0.31,0.753,14.9,5.3,4.3,0.9,BOS_2017,53.5,2017,55,YES,1
Guerschon Yabusele,Oct 20 '17 BOS @ PHI,22,1,33,235,26,61,12,37,15,22,17,52,16,4,5,12,23,79,0.426,0.324,0.682,7.1,2.4,1.6,0.5,BOS_2017,53.5,2017,55,YES,1
T.J. Leaf,Oct 18 '17 IND vs. BRK,20,1,53,459,64,136,18,42,10,16,29,82,9,5,4,10,45,156,0.471,0.429,0.625,8.7,2.9,1.5,0.2,IND_2017,31.5,2017,48,YES,1
OG Anunoby,Oct 19 '17 TOR vs. CHI,20,1,74,1481,163,346,73,197,39,62,44,184,55,52,14,45,130,438,0.471,0.371,0.629,20.0,5.9,2.5,0.7,TOR_2017,48.5,2017,59,YES,1
Lauri Markkanen,Oct 19 '17 CHI @ TOR,20,1,68,2020,374,862,145,401,140,166,79,508,79,39,40,83,103,1033,0.434,0.362,0.843,29.7,15.2,7.5,1.2,CHI_2017,22.0,2017,27,NO,1
Khem Birch,Oct 21 '17 ORL @ CLE,25,1,42,578,68,126,0,0,42,61,70,180,34,15,21,21,56,178,0.54,,0.689,13.8,4.2,4.3,0.8,ORL_2017,33.5,2017,25,NO,1
Wes Iwundu,Oct 21 '17 ORL @ CLE,23,1,62,1020,93,218,9,46,34,47,36,137,57,33,12,30,81,229,0.427,0.196,0.723,16.5,3.7,2.2,0.9,ORL_2017,33.5,2017,25,NO,1
Dwayne Bacon,Oct 18 '17 CHO @ DET,22,1,53,713,72,192,11,43,20,25,4,124,38,16,2,23,46,175,0.375,0.256,0.8,13.5,3.3,2.3,0.7,CHO_2017,42.5,2017,36,NO,1
Malik Monk,Oct 18 '17 CHO @ DET,19,1,63,854,153,425,83,243,32,38,8,66,91,20,9,49,60,421,0.36,0.342,0.842,13.6,6.7,1.0,1.4,CHO_2017,42.5,2017,36,NO,1
Lonzo Ball,Oct 19 '17 LAL vs. LAC,20,1,52,1780,203,564,90,295,32,71,69,360,376,88,43,136,117,528,0.36,0.305,0.451,34.2,10.2,6.9,7.2,LAL_2017,33.5,2017,35,NO,1
Alex Caruso,Oct 19 '17 LAL vs. LAC,23,1,37,562,50,116,13,43,21,30,15,65,75,23,10,42,52,134,0.431,0.302,0.7,15.2,3.6,1.8,2.0,LAL_2017,33.5,2017,35,NO,1
Josh Hart,Oct 20 '17 LAL @ PHO,22,1,63,1461,176,375,78,197,66,94,42,263,80,47,16,47,107,496,0.469,0.396,0.702,23.2,7.9,4.2,1.3,LAL_2017,33.5,2017,35,NO,1
Kyle Kuzma,Oct 19 '17 LAL vs. LAC,22,1,77,2401,468,1039,159,434,147,208,88,483,141,49,34,140,160,1242,0.45,0.366,0.707,31.2,16.1,6.3,1.8,LAL_2017,33.5,2017,35,NO,1
Jordan Bell,Oct 17 '17 GSW vs. HOU,23,1,57,809,116,185,0,4,30,44,60,207,102,35,56,51,92,262,0.627,0.0,0.682,14.2,4.6,3.6,1.8,GSW_2017,67.5,2017,58,YES,1
Bogdan Bogdanović,Oct 23 '17 SAC @ PHO,25,1,78,2175,344,772,129,329,100,119,31,223,258,72,16,125,172,917,0.446,0.392,0.84,27.9,11.8,2.9,3.3,SAC_2017,27.5,2017,27,NO,1
De'Aaron Fox,Oct 18 '17 SAC vs. HOU,20,1,73,2026,328,797,47,153,141,195,33,204,320,70,20,173,163,844,0.412,0.307,0.723,27.8,11.6,2.8,4.4,SAC_2017,27.5,2017,27,NO,1
Justin Jackson,Oct 18 '17 SAC vs. HOU,22,1,68,1506,185,419,57,185,26,36,27,187,74,28,13,40,81,453,0.442,0.308,0.722,22.1,6.7,2.8,1.1,SAC_2017,27.5,2017,27,NO,1
Frank Mason III,Oct 21 '17 SAC @ DEN,23,1,52,984,144,380,31,86,94,115,30,130,147,34,10,65,72,413,0.379,0.36,0.817,18.9,7.9,2.5,2.8,SAC_2017,27.5,2017,27,NO,1
Donovan Mitchell,Oct 18 '17 UTA vs. DEN,21,1,79,2638,595,1362,187,550,239,297,52,296,291,118,27,215,213,1616,0.437,0.34,0.805,33.4,20.5,3.7,3.7,UTA_2017,40.5,2017,48,YES,1
Royce O'Neale,Oct 21 '17 UTA vs. OKC,24,1,69,1150,120,284,42,118,61,76,25,236,95,36,16,55,105,343,0.423,0.356,0.803,16.7,5.0,3.4,1.4,UTA_2017,40.5,2017,48,YES,1
Dillon Brooks,Oct 18 '17 MEM vs. NOP,22,1,82,2350,340,772,94,264,124,166,49,257,135,73,17,124,233,898,0.44,0.356,0.747,28.7,11.0,3.1,1.6,MEM_2017,37.5,2017,22,NO,1
Ivan Rabb,Oct 28 '17 MEM vs. HOU,20,1,36,516,86,152,0,0,29,36,53,158,32,12,13,35,55,201,0.566,,0.806,14.3,5.6,4.4,0.9,MEM_2017,37.5,2017,22,NO,1
Kobi Simmons,Nov 29 '17 MEM @ SAS,20,1,32,643,80,189,11,39,25,25,14,50,68,18,5,44,61,196,0.423,0.282,1.0,20.1,6.1,1.6,2.1,MEM_2017,37.5,2017,22,NO,1
Sterling Brown,Oct 20 '17 MIL vs. CLE,22,1,54,776,82,205,32,91,21,24,27,143,25,31,13,25,80,217,0.4,0.352,0.875,14.4,4.0,2.6,0.5,MIL_2017,47.5,2017,44,YES,1
Tyler Cavanaugh,Nov 5 '17 ATL @ CLE,23,1,39,518,67,152,32,89,17,21,45,127,27,9,4,14,61,183,0.441,0.36,0.81,13.3,4.7,3.3,0.7,ATL_2017,25.5,2017,24,NO,1
John Collins,Oct 18 '17 ATL @ DAL,20,1,74,1785,314,545,16,47,133,186,176,541,98,47,80,105,215,777,0.576,0.34,0.715,24.1,10.5,7.3,1.3,ATL_2017,25.5,2017,24,NO,1
Tyler Dorsey,Oct 20 '17 ATL @ CHO,21,1,56,974,144,382,72,199,45,63,17,130,79,17,5,37,63,405,0.377,0.362,0.714,17.4,7.2,2.3,1.4,ATL_2017,25.5,2017,24,NO,1
Kyle Collinsworth,Dec 20 '17 DAL vs. DET,26,1,32,480,38,99,4,17,21,40,32,107,56,17,9,24,44,101,0.384,0.235,0.525,15.0,3.2,3.3,1.8,DAL_2017,35.5,2017,24,NO,1
Maxi Kleber,Oct 21 '17 DAL @ HOU,26,1,72,1206,151,309,40,128,44,59,71,234,51,26,47,30,114,386,0.489,0.313,0.746,16.8,5.4,3.3,0.7,DAL_2017,35.5,2017,24,NO,1
Dennis Smith Jr.,Oct 18 '17 DAL vs. ATL,20,1,69,2049,404,1024,106,339,134,193,50,260,358,71,18,194,152,1048,0.395,0.313,0.694,29.7,15.2,3.8,5.2,DAL_2017,35.5,2017,24,NO,1
Zach Collins,Oct 20 '17 POR @ IND,20,1,66,1045,115,289,35,113,27,42,45,221,52,17,31,58,133,292,0.398,0.31,0.643,15.8,4.4,3.3,0.8,POR_2017,42.5,2017,49,YES,1
Brandon Paul,Oct 18 '17 SAS vs. MIN,26,1,64,576,55,127,15,54,22,43,6,68,37,25,7,29,58,147,0.433,0.278,0.512,9.0,2.3,1.1,0.6,SAS_2017,55.0,2017,47,YES,1
Torrey Craig,Nov 28 '17 DEN @ UTA,27,1,39,629,62,137,17,58,22,35,40,127,25,12,15,20,63,163,0.453,0.293,0.629,16.1,4.2,3.3,0.6,DEN_2017,45.5,2017,46,YES,1
Damyean Dotson,Oct 19 '17 NYK @ OKC,23,1,44,474,72,161,22,68,16,23,9,84,31,12,2,17,34,182,0.447,0.324,0.696,10.8,4.1,1.9,0.7,NYK_2017,30.5,2017,29,NO,1
Frank Ntilikina,Oct 19 '17 NYK @ OKC,19,1,78,1706,182,500,50,157,49,68,37,177,250,65,18,131,181,463,0.364,0.318,0.721,21.9,5.9,2.3,3.2,NYK_2017,30.5,2017,29,NO,1
Terrance Ferguson,Oct 19 '17 OKC vs. NYK,19,1,61,763,70,169,40,120,9,10,19,47,19,24,10,11,83,189,0.414,0.333,0.9,12.5,3.1,0.8,0.3,OKC_2017,53.5,2017,48,YES,1
Dakari Johnson,Oct 19 '17 OKC vs. NYK,22,1,31,161,22,39,0,0,11,20,16,34,8,6,8,3,27,55,0.564,,0.55,5.2,1.8,1.1,0.3,OKC_2017,53.5,2017,48,YES,1
Jawun Evans,Oct 30 '17 LAC vs. GSW,21,1,48,778,89,253,15,54,38,49,9,84,100,36,6,44,97,231,0.352,0.278,0.776,16.2,4.8,1.8,2.1,LAC_2017,43.5,2017,42,YES,1
Miloš Teodosić,Oct 19 '17 LAC @ LAL,30,1,45,1134,151,360,88,232,39,46,16,126,209,23,5,97,103,429,0.419,0.379,0.848,25.2,9.5,2.8,4.6,LAC_2017,43.5,2017,42,YES,1
Sindarius Thornwell,Oct 19 '17 LAC @ LAL,23,1,73,1156,100,233,23,61,59,88,33,140,68,48,25,53,125,282,0.429,0.377,0.67,15.8,3.9,1.9,0.9,LAC_2017,43.5,2017,42,YES,1
Tyrone Wallace,Jan 6 '18 LAC vs. GSW,23,1,30,851,110,247,10,40,61,78,21,105,71,27,13,46,83,291,0.445,0.25,0.782,28.4,9.7,3.5,2.4,LAC_2017,43.5,2017,42,YES,1
C.J. Williams,Nov 10 '17 LAC @ OKC,27,1,38,707,87,197,22,78,13,16,12,56,43,31,13,20,63,209,0.442,0.282,0.813,18.6,5.5,1.5,1.1,LAC_2017,43.5,2017,42,YES,1
Ben Simmons,Oct 18 '17 PHI @ WAS,21,1,81,2732,544,998,0,11,191,341,145,659,661,140,70,278,211,1279,0.545,0.0,0.56,33.7,15.8,8.1,8.2,PHI_2017,39.5,2017,52,YES,1
Josh Jackson,Oct 18 '17 PHO vs. POR,20,1,77,1959,389,932,57,217,177,279,95,351,119,80,35,146,218,1012,0.417,0.263,0.634,25.4,13.1,4.6,1.5,PHO_2017,28.5,2017,21,NO,1
Mike James,Oct 18 '17 PHO vs. POR,27,1,36,687,123,321,26,98,64,84,13,90,126,28,7,49,48,336,0.383,0.265,0.762,19.1,9.3,2.5,3.5,PHO_2017,28.5,2017,21,NO,1
Luke Kennard,Oct 20 '17 DET @ WAS,21,1,73,1463,206,465,81,195,65,76,21,176,124,44,13,69,86,558,0.443,0.415,0.855,20.0,7.6,2.4,1.7,DET_2017,38.5,2017,39,NO,1
Cedi Osman,Oct 20 '17 CLE @ MIL,22,1,61,672,90,186,32,87,26,46,19,120,41,22,3,32,78,238,0.484,0.368,0.565,11.0,3.9,2.0,0.7,CLE_2017,53.5,2017,50,YES,1
Ante Žižić,Oct 21 '17 CLE vs. ORL,21,1,32,214,49,67,0,0,21,29,24,60,5,2,13,11,30,119,0.731,,0.724,6.7,3.7,1.9,0.2,CLE_2017,53.5,2017,50,YES,1
Álex Abrines,Oct 26 '16 OKC @ PHI,23,1,68,1055,134,341,94,247,44,49,18,86,40,37,8,33,114,406,0.393,0.381,0.898,15.5,6.0,1.3,0.6,OKC_2016,45.0,2016,47,YES,1
Semaj Christon,Oct 26 '16 OKC @ PHI,24,1,64,973,77,223,12,63,17,31,19,87,130,28,7,43,79,183,0.345,0.19,0.548,15.2,2.9,1.4,2.0,OKC_2016,45.0,2016,47,YES,1
Domantas Sabonis,Oct 26 '16 OKC @ PHI,20,1,81,1632,192,481,51,159,44,67,46,288,82,39,32,83,200,479,0.399,0.321,0.657,20.1,5.9,3.6,1.0,OKC_2016,45.0,2016,47,YES,1
Ron Baker,Oct 25 '16 NYK @ CLE,23,1,52,857,82,217,23,86,28,43,12,98,107,34,8,56,74,215,0.378,0.267,0.651,16.5,4.1,1.9,2.1,NYK_2016,38.5,2016,31,NO,1
Willy Hernangómez,Oct 25 '16 NYK @ CLE,22,1,72,1324,246,465,4,15,91,125,170,502,96,41,36,100,150,587,0.529,0.267,0.728,18.4,8.2,7.0,1.3,NYK_2016,38.5,2016,31,NO,1
Mindaugas Kuzminskas,Oct 25 '16 NYK @ CLE,27,1,68,1016,158,369,54,168,55,68,47,126,69,29,11,51,79,425,0.428,0.321,0.809,14.9,6.3,1.9,1.0,NYK_2016,38.5,2016,31,NO,1
Maurice Ndour,Nov 1 '16 NYK @ DET,24,1,32,331,39,86,1,7,19,26,22,64,8,15,8,12,30,98,0.453,0.143,0.731,10.3,3.1,2.0,0.3,NYK_2016,38.5,2016,31,NO,1
Wade Baldwin,Oct 26 '16 MEM vs. MIN,20,1,33,405,36,115,3,22,31,37,11,46,61,18,7,39,40,106,0.313,0.136,0.838,12.3,3.2,1.4,1.8,MEM_2016,42.5,2016,43,YES,1
Deyonta Davis,Oct 26 '16 MEM vs. MIN,20,1,36,238,24,47,0,0,10,18,20,60,2,3,17,8,40,58,0.511,,0.556,6.6,1.6,1.7,0.1,MEM_2016,42.5,2016,43,YES,1
Andrew Harrison,Oct 26 '16 MEM vs. MIN,22,1,72,1474,117,360,43,156,148,194,23,136,198,53,21,85,194,425,0.325,0.276,0.763,20.5,5.9,1.9,2.8,MEM_2016,42.5,2016,43,YES,1
Troy Williams,Oct 29 '16 MEM @ NYK,22,1,30,557,73,167,18,62,21,32,15,69,25,27,10,32,60,185,0.437,0.29,0.656,18.6,6.2,2.3,0.8,MEM_2016,42.5,2016,43,YES,1
Juancho Hernangómez,Oct 26 '16 DEN @ NOP,21,1,62,842,101,224,46,113,57,76,43,187,29,30,12,31,62,305,0.451,0.407,0.75,13.6,4.9,3.0,0.5,DEN_2016,37.0,2016,40,NO,1
Jamal Murray,Oct 26 '16 DEN @ NOP,19,1,82,1764,295,730,115,344,106,120,41,214,170,51,24,113,124,811,0.404,0.334,0.883,21.5,9.9,2.6,2.1,DEN_2016,37.0,2016,40,NO,1
DeAndre' Bembry,Oct 27 '16 ATL vs. WAS,22,1,38,371,47,98,1,18,6,16,14,59,28,8,5,16,21,101,0.48,0.056,0.375,9.8,2.7,1.6,0.7,ATL_2016,43.5,2016,43,YES,1
Malcolm Delaney,Oct 27 '16 ATL vs. WAS,27,1,73,1248,145,388,26,110,75,93,10,123,193,39,1,95,112,391,0.374,0.236,0.806,17.1,5.4,1.7,2.6,ATL_2016,43.5,2016,43,YES,1
Taurean Prince,Oct 27 '16 ATL vs. WAS,22,1,59,981,114,285,33,102,74,94,25,157,55,43,27,61,96,335,0.4,0.324,0.787,16.6,5.7,2.7,0.9,ATL_2016,43.5,2016,43,YES,1
Dragan Bender,Oct 26 '16 PHO vs. SAC,19,1,43,574,57,161,28,101,4,11,23,103,23,10,22,32,74,146,0.354,0.277,0.364,13.3,3.4,2.4,0.5,PHO_2016,29.5,2016,24,NO,1
Marquese Chriss,Oct 26 '16 PHO vs. SAC,19,1,82,1743,284,632,72,224,113,181,96,348,60,67,70,108,263,753,0.449,0.321,0.624,21.3,9.2,4.2,0.7,PHO_2016,29.5,2016,24,NO,1
Derrick Jones Jr.,Nov 19 '16 PHO @ PHI,19,1,32,545,68,121,3,11,29,41,39,79,12,14,13,13,63,168,0.562,0.273,0.707,17.0,5.3,2.5,0.4,PHO_2016,29.5,2016,24,NO,1
Tyler Ulis,Oct 26 '16 PHO vs. SAC,21,1,61,1123,184,437,21,79,55,71,20,95,226,48,5,77,73,444,0.421,0.266,0.775,18.4,7.3,1.6,3.7,PHO_2016,29.5,2016,24,NO,1
Nicolás Brussino,Oct 26 '16 DAL @ IND,23,1,54,521,52,141,29,95,17,22,26,95,47,17,8,26,43,150,0.369,0.305,0.773,9.6,2.8,1.8,0.9,DAL_2016,39.5,2016,33,NO,1
Dorian Finney-Smith,Oct 26 '16 DAL @ IND,23,1,81,1642,124,333,56,191,46,61,55,222,67,52,25,45,125,350,0.372,0.293,0.754,20.3,4.3,2.7,0.8,DAL_2016,39.5,2016,33,NO,1
Dāvis Bertāns,Oct 25 '16 SAS @ GSW,24,1,67,808,103,234,69,173,28,34,22,98,46,20,28,32,75,303,0.44,0.399,0.824,12.1,4.5,1.5,0.7,SAS_2016,57.5,2016,61,YES,1
Bryn Forbes,Oct 25 '16 SAS @ GSW,23,1,36,285,36,99,17,53,5,6,2,23,23,1,0,11,20,94,0.364,0.321,0.833,7.9,2.6,0.6,0.6,SAS_2016,57.5,2016,61,YES,1
Dejounte Murray,Oct 29 '16 SAS vs. NOP,20,1,38,322,50,116,9,23,21,30,6,42,48,8,6,38,29,130,0.431,0.391,0.7,8.5,3.4,1.1,1.3,SAS_2016,57.5,2016,61,YES,1
Malcolm Brogdon,Oct 26 '16 MIL vs. CHO,24,1,75,1982,290,635,78,193,109,126,47,213,317,84,12,113,140,767,0.457,0.404,0.865,26.4,10.2,2.8,4.2,MIL_2016,34.5,2016,42,YES,1
Thon Maker,Oct 30 '16 MIL @ DET,19,1,57,562,83,181,28,74,32,49,40,114,23,10,26,17,84,226,0.459,0.378,0.653,9.9,4.0,2.0,0.4,MIL_2016,34.5,2016,42,YES,1
Jaylen Brown,Oct 26 '16 BOS vs. BRK,20,1,78,1341,192,423,46,135,85,124,45,220,64,35,18,68,142,515,0.454,0.341,0.685,17.2,6.6,2.8,0.8,BOS_2016,52.5,2016,53,YES,1
Buddy Hield,Oct 26 '16 NOP vs. DEN,24,1,82,1888,327,767,148,379,64,76,35,269,121,38,9,101,115,866,0.426,0.391,0.842,23.0,10.6,3.3,1.5,NOP_2016,36.5,2016,34,NO,1
Kris Dunn,Oct 26 '16 MIN @ MEM,22,1,78,1333,118,313,21,73,36,59,24,166,188,78,36,89,178,293,0.377,0.288,0.61,17.1,3.8,2.1,2.4,MIN_2016,41.5,2016,31,NO,1
Joel Embiid,Oct 26 '16 PHI vs. OKC,22,1,31,786,200,429,36,98,191,244,61,243,66,27,76,117,112,627,0.466,0.367,0.783,25.4,20.2,7.8,2.1,PHI_2016,23.5,2016,28,NO,1
Timothé Luwawu-Cabarrot,Oct 29 '16 PHI vs. ATL,21,1,69,1190,145,361,50,161,105,123,25,149,75,32,10,73,154,445,0.402,0.311,0.854,17.2,6.4,2.2,1.1,PHI_2016,23.5,2016,28,NO,1
Dario Šarić,Oct 26 '16 PHI vs. OKC,22,1,81,2129,381,927,106,341,172,220,112,513,182,57,30,183,162,1040,0.411,0.311,0.782,26.3,12.8,6.3,2.2,PHI_2016,23.5,2016,28,NO,1
Kay Felder,Oct 29 '16 CLE vs. ORL,21,1,42,386,62,158,7,22,35,49,3,41,58,18,7,30,38,166,0.392,0.318,0.714,9.2,4.0,1.0,1.4,CLE_2016,56.5,2016,51,YES,1
Yogi Ferrell,Nov 9 '16 BRK @ NYK,23,1,46,1197,160,394,68,176,74,89,20,111,172,42,9,70,90,462,0.406,0.386,0.831,26.0,10.0,2.4,3.7,BRK_2016,21.5,2016,20,NO,1
Caris LeVert,Dec 7 '16 BRK vs. DEN,22,1,57,1237,171,380,59,184,67,93,23,188,110,49,8,59,91,468,0.45,0.321,0.72,21.7,8.2,3.3,1.9,BRK_2016,21.5,2016,20,NO,1
Isaiah Whitehead,Oct 26 '16 BRK @ BOS,21,1,73,1643,204,508,44,149,91,113,32,184,192,42,36,142,175,543,0.402,0.295,0.805,22.5,7.4,2.5,2.6,BRK_2016,21.5,2016,20,NO,1
Sheldon Mac,Oct 27 '16 WAS @ ATL,24,1,30,287,30,75,7,30,23,27,4,34,15,8,2,5,17,90,0.4,0.233,0.852,9.6,3.0,1.1,0.5,WAS_2016,42.5,2016,49,YES,1
Tomáš Satoranský,Oct 27 '16 WAS @ ATL,25,1,57,719,61,147,9,37,23,33,25,83,92,26,6,38,60,154,0.415,0.243,0.697,12.6,2.7,1.5,1.6,WAS_2016,42.5,2016,49,YES,1
Brandon Ingram,Oct 26 '16 LAL vs. HOU,19,1,79,2279,276,686,55,187,133,214,60,316,166,50,36,116,158,740,0.402,0.294,0.621,28.8,9.4,4.0,2.1,LAL_2016,24.5,2016,26,NO,1
Ivica Zubac,Nov 2 '16 LAL @ ATL,19,1,38,609,126,238,0,3,32,49,41,159,30,14,33,30,66,284,0.529,0.0,0.653,16.0,7.5,4.2,0.8,LAL_2016,24.5,2016,26,NO,1
Patrick McCaw,Oct 25 '16 GSW vs. SAS,21,1,71,1074,106,245,41,123,29,37,21,100,77,32,15,36,62,282,0.433,0.333,0.784,15.1,4.0,1.4,1.1,GSW_2016,66.5,2016,67,YES,1
Skal Labissière,Nov 5 '16 SAC @ MIL,20,1,33,612,117,218,3,8,52,74,51,162,27,16,13,37,64,289,0.537,0.375,0.703,18.5,8.8,4.9,0.8,SAC_2016,33.5,2016,32,NO,1
Jake Layman,Nov 1 '16 POR vs. GSW,22,1,35,249,26,89,13,51,13,17,6,24,11,9,3,11,22,78,0.292,0.255,0.765,7.1,2.2,0.7,0.3,POR_2016,45.5,2016,41,NO,1
Rodney McGruder,Oct 26 '16 MIA @ ORL,25,1,78,1966,190,460,73,220,44,71,94,256,124,46,18,56,140,497,0.413,0.332,0.62,25.2,6.4,3.3,1.6,MIA_2016,34.5,2016,41,NO,1
Okaro White,Jan 19 '17 MIA vs. DAL,24,1,35,471,33,87,12,34,20,22,25,82,21,10,10,18,52,98,0.379,0.353,0.909,13.5,2.8,2.3,0.6,MIA_2016,34.5,2016,41,NO,1
Jakob Poeltl,Oct 26 '16 TOR vs. DET,21,1,54,626,67,115,0,0,31,57,78,165,12,17,20,29,113,165,0.583,,0.544,11.6,3.1,3.1,0.2,TOR_2016,50.5,2016,51,YES,1
Pascal Siakam,Oct 26 '16 TOR vs. DET,22,1,55,859,103,205,1,7,22,32,64,185,17,26,45,33,109,229,0.502,0.143,0.688,15.6,4.2,3.4,0.3,TOR_2016,50.5,2016,51,YES,1
Fred VanVleet,Nov 9 '16 TOR @ OKC,22,1,37,294,39,111,11,29,18,22,4,42,35,16,3,15,36,107,0.351,0.379,0.818,7.9,2.9,1.1,0.9,TOR_2016,50.5,2016,51,YES,1
Denzel Valentine,Oct 29 '16 CHI vs. IND,23,1,57,976,102,288,73,208,14,18,11,151,63,30,7,49,86,291,0.354,0.351,0.778,17.1,5.1,2.6,1.1,CHI_2016,39.0,2016,41,NO,1
Paul Zipser,Oct 29 '16 CHI vs. IND,22,1,44,843,88,221,33,99,31,40,15,125,36,15,16,40,78,240,0.398,0.333,0.775,19.2,5.5,2.8,0.8,CHI_2016,39.0,2016,41,NO,1
Pat Connaughton,Oct 30 '15 POR @ PHO,23,1,34,143,13,49,5,21,5,5,11,32,10,2,0,10,6,36,0.265,0.238,1.0,4.2,1.1,0.9,0.3,POR_2015,28.5,2015,44,YES,1
Justin Anderson,Oct 28 '15 DAL @ PHO,22,1,55,647,71,175,22,83,44,55,18,132,29,19,25,24,45,208,0.406,0.265,0.8,11.8,3.8,2.4,0.5,DAL_2015,36.5,2015,42,YES,1
Salah Mejri,Oct 28 '15 DAL @ PHO,29,1,34,397,49,78,0,1,27,46,41,123,10,8,36,23,54,125,0.628,0.0,0.587,11.7,3.7,3.6,0.3,DAL_2015,36.5,2015,42,YES,1
Jerian Grant,Oct 28 '15 NYK @ MIL,23,1,76,1265,154,391,22,100,96,123,23,143,177,50,10,87,97,426,0.394,0.22,0.78,16.6,5.6,1.9,2.3,NYK_2015,29.5,2015,32,NO,1
Kristaps Porziņģis,Oct 28 '15 NYK @ MIL,20,1,72,2047,373,886,81,243,201,240,132,526,94,53,134,121,205,1028,0.421,0.333,0.838,28.4,14.3,7.3,1.3,NYK_2015,29.5,2015,32,NO,1
Mario Hezonja,Oct 28 '15 ORL vs. WAS,20,1,79,1413,181,418,67,192,49,54,28,176,109,39,17,97,124,478,0.433,0.349,0.907,17.9,6.1,2.2,1.4,ORL_2015,34.5,2015,35,NO,1
Nemanja Bjelica,Oct 28 '15 MIN @ LAL,27,1,60,1075,110,235,48,125,40,55,49,210,83,26,21,47,154,308,0.468,0.384,0.727,17.9,5.1,3.5,1.4,MIN_2015,27.5,2015,29,NO,1
Tyus Jones,Nov 10 '15 MIN vs. CHO,19,1,37,573,56,156,16,53,28,39,7,47,108,31,3,33,33,156,0.359,0.302,0.718,15.5,4.2,1.3,2.9,MIN_2015,27.5,2015,29,NO,1
Karl-Anthony Towns,Oct 28 '15 MIN @ LAL,20,1,82,2627,625,1153,30,88,223,275,229,858,161,58,138,183,245,1503,0.542,0.341,0.811,32.0,18.3,10.5,2.0,MIN_2015,27.5,2015,29,NO,1
Devin Booker,Oct 28 '15 PHO vs. DAL,19,1,76,2108,367,867,99,289,215,256,27,187,200,44,20,160,225,1048,0.423,0.343,0.84,27.7,13.8,2.5,2.6,PHO_2015,36.5,2015,23,NO,1
Marcelo Huertas,Oct 28 '15 LAL vs. MIN,32,1,53,869,97,230,16,61,27,29,18,90,182,26,7,80,76,237,0.422,0.262,0.931,16.4,4.5,1.7,3.4,LAL_2015,28.5,2015,17,NO,1
Larry Nance Jr.,Nov 6 '15 LAL @ BRK,23,1,63,1266,158,300,1,10,32,47,101,312,44,54,23,41,124,349,0.527,0.1,0.681,20.1,5.5,5.0,0.7,LAL_2015,28.5,2015,17,NO,1
D'Angelo Russell,Oct 28 '15 LAL vs. MIN,19,1,80,2259,392,956,130,370,140,190,47,274,266,93,13,196,142,1054,0.41,0.351,0.737,28.2,13.2,3.4,3.3,LAL_2015,28.5,2015,17,NO,1
Willie Cauley-Stein,Oct 28 '15 SAC vs. LAC,22,1,66,1412,191,339,0,2,81,125,134,352,37,48,66,46,146,463,0.563,0.0,0.648,21.4,7.0,5.3,0.6,SAC_2015,36.0,2015,33,NO,1
Myles Turner,Oct 29 '15 IND vs. MEM,19,1,60,1367,264,530,3,14,88,121,68,332,41,25,86,67,158,619,0.498,0.214,0.727,22.8,10.3,5.5,0.7,IND_2015,41.5,2015,45,YES,1
Joe Young,Oct 28 '15 IND @ TOR,23,1,41,384,62,169,10,46,20,25,6,50,65,15,0,33,30,154,0.367,0.217,0.8,9.4,3.8,1.2,1.6,IND_2015,41.5,2015,45,YES,1
R.J. Hunter,Nov 4 '15 BOS @ IND,22,1,36,315,36,98,19,63,6,7,2,37,13,14,4,11,29,97,0.367,0.302,0.857,8.8,2.7,1.0,0.4,BOS_2015,45.5,2015,48,YES,1
Terry Rozier,Oct 28 '15 BOS vs. PHI,21,1,39,311,29,106,6,27,8,10,24,63,37,6,1,19,23,72,0.274,0.222,0.8,8.0,1.8,1.6,0.9,BOS_2015,45.5,2015,48,YES,1
Montrezl Harrell,Oct 28 '15 HOU vs. DEN,22,1,39,379,58,90,0,1,24,46,25,65,17,11,11,17,48,140,0.644,0.0,0.522,9.7,3.6,1.7,0.4,HOU_2015,56.5,2015,41,NO,1
Kelly Oubre Jr.,Oct 30 '15 WAS @ MIL,20,1,63,671,90,211,25,79,31,49,25,133,13,22,7,34,100,236,0.427,0.316,0.633,10.7,3.7,2.1,0.2,WAS_2015,45.5,2015,41,NO,1
Cristiano Felício,Nov 9 '15 CHI @ PHI,23,1,31,321,40,72,0,4,25,35,30,102,26,6,13,13,31,105,0.556,0.0,0.714,10.4,3.4,3.3,0.8,CHI_2015,50.5,2015,42,YES,1
Bobby Portis,Nov 3 '15 CHI @ CHO,20,1,62,1102,186,436,16,52,48,66,123,337,52,25,22,54,100,436,0.427,0.308,0.727,17.8,7.0,5.4,0.8,CHI_2015,50.5,2015,42,YES,1
Frank Kaminsky,Oct 28 '15 CHO @ MIA,22,1,81,1708,215,525,68,202,108,148,69,335,98,38,43,58,126,606,0.41,0.337,0.73,21.1,7.5,4.1,1.2,CHO_2015,34.0,2015,48,YES,1
Darrun Hilliard,Nov 23 '15 DET @ MIL,22,1,38,383,52,131,19,50,29,40,5,45,27,9,1,19,28,152,0.397,0.38,0.725,10.1,4.0,1.2,0.7,DET_2015,36.5,2015,44,YES,1
Stanley Johnson,Oct 27 '15 DET @ ATL,19,1,73,1687,225,600,63,205,80,102,58,306,118,55,12,114,178,593,0.375,0.307,0.784,23.1,8.1,4.2,1.6,DET_2015,36.5,2015,44,YES,1
Willie Reed,Dec 4 '15 BRK @ NYK,25,1,39,426,76,133,0,0,30,55,49,122,10,6,30,16,47,182,0.571,,0.545,10.9,4.7,3.1,0.3,BRK_2015,27.5,2015,21,NO,1
Richaun Holmes,Oct 28 '15 PHI @ BOS,22,1,51,702,114,222,8,44,51,74,62,135,33,19,40,32,92,287,0.514,0.182,0.689,13.8,5.6,2.6,0.6,PHI_2015,20.5,2015,10,NO,1
T.J. McConnell,Oct 28 '15 PHI @ BOS,23,1,81,1606,218,464,31,89,26,41,43,250,367,95,10,140,114,493,0.47,0.348,0.634,19.8,6.1,3.1,4.5,PHI_2015,20.5,2015,10,NO,1
Jahlil Okafor,Oct 28 '15 PHI @ BOS,20,1,53,1591,397,781,1,6,133,194,122,373,65,22,61,124,140,928,0.508,0.167,0.686,30.0,17.5,7.0,1.2,PHI_2015,20.5,2015,10,NO,1
Cameron Payne,Nov 1 '15 OKC vs. DEN,21,1,57,698,114,278,36,111,19,24,9,85,108,36,6,44,80,283,0.41,0.324,0.792,12.2,5.0,1.5,1.9,OKC_2015,57.5,2015,55,YES,1
Rashad Vaughn,Oct 28 '15 MIL vs. NYK,19,1,70,1001,81,266,43,147,12,15,11,88,39,29,16,28,73,217,0.305,0.293,0.8,14.3,3.1,1.3,0.6,MIL_2015,42.5,2015,33,NO,1
Nikola Jokić,Oct 28 '15 DEN @ HOU,20,1,80,1733,307,600,28,84,154,190,181,560,189,79,50,104,208,796,0.512,0.333,0.811,21.7,10.0,7.0,2.4,DEN_2015,27.5,2015,33,NO,1
Emmanuel Mudiay,Oct 28 '15 DEN @ HOU,19,1,68,2068,329,905,74,232,140,209,32,232,372,65,35,217,141,872,0.364,0.319,0.67,30.4,12.8,3.4,5.5,DEN_2015,27.5,2015,33,NO,1
Trey Lyles,Oct 28 '15 UTA @ DET,20,1,80,1382,191,436,49,128,57,82,59,299,59,26,18,65,114,488,0.438,0.383,0.695,17.3,6.1,3.7,0.7,UTA_2015,42.5,2015,40,NO,1
Raul Neto,Oct 28 '15 UTA @ DET,23,1,81,1499,180,418,64,162,52,70,17,120,174,62,2,109,122,476,0.431,0.395,0.743,18.5,5.9,1.5,2.1,UTA_2015,42.5,2015,40,NO,1
Boban Marjanović,Oct 30 '15 SAS vs. BRK,27,1,54,508,105,174,0,0,87,114,73,194,21,12,23,29,54,297,0.603,,0.763,9.4,5.5,3.6,0.4,SAS_2015,56.5,2015,67,YES,1
Jonathon Simmons,Nov 14 '15 SAS vs. PHI,26,1,55,813,122,242,18,47,69,92,16,96,58,24,5,53,103,331,0.504,0.383,0.75,14.8,6.0,1.7,1.1,SAS_2015,56.5,2015,67,YES,1
Lamar Patterson,Oct 27 '15 ATL vs. DET,24,1,35,395,28,80,12,49,16,22,4,50,39,9,2,23,45,84,0.35,0.245,0.727,11.3,2.4,1.4,1.1,ATL_2015,49.5,2015,48,YES,1
Norman Powell,Nov 1 '15 TOR vs. MIL,22,1,49,725,97,229,36,89,43,53,16,111,47,29,10,32,59,273,0.424,0.404,0.811,14.8,5.6,2.3,1.0,TOR_2015,46.5,2015,56,YES,1
Josh Richardson,Nov 5 '15 MIA @ MIN,22,1,52,1107,123,272,53,115,42,63,21,107,73,36,25,35,107,341,0.452,0.461,0.667,21.3,6.6,2.1,1.4,MIA_2015,46.5,2015,48,YES,1
Justise Winslow,Oct 28 '15 MIA vs. CHO,19,1,78,2232,195,462,32,116,80,117,81,403,117,68,26,95,184,502,0.422,0.276,0.684,28.6,6.4,5.2,1.5,MIA_2015,46.5,2015,48,YES,1
Jordan Adams,Nov 3 '14 MEM vs. NOP,20,1,30,248,35,86,10,25,14,23,9,28,16,16,7,14,24,94,0.407,0.4,0.609,8.3,3.1,0.9,0.5,MEM_2014,50.5,2014,42,YES,1
Furkan Aldemir,Dec 15 '14 PHI vs. BOS,23,1,41,540,40,78,0,5,13,27,78,176,28,17,16,17,96,93,0.513,0.0,0.481,13.2,2.3,4.3,0.7,PHI_2014,20.5,2014,10,NO,1
Jerami Grant,Nov 29 '14 PHI vs. DAL,20,1,65,1377,124,352,49,156,114,193,49,198,79,40,68,85,144,411,0.352,0.314,0.591,21.2,6.3,3.0,1.2,PHI_2014,20.5,2014,10,NO,1
K.J. McDaniels,Oct 29 '14 PHI @ IND,21,1,62,1352,172,434,43,150,100,133,65,200,72,44,70,105,126,487,0.396,0.287,0.752,21.8,7.9,3.2,1.2,PHI_2014,20.5,2014,10,NO,1
Nerlens Noel,Oct 29 '14 PHI @ IND,20,1,75,2311,302,653,0,0,140,230,185,611,128,133,142,146,208,744,0.462,,0.609,30.8,9.9,8.1,1.7,PHI_2014,20.5,2014,10,NO,1
JaKarr Sampson,Oct 29 '14 PHI @ IND,21,1,74,1131,146,346,31,127,63,94,35,163,77,38,26,76,135,386,0.422,0.244,0.67,15.3,5.2,2.2,1.0,PHI_2014,20.5,2014,10,NO,1
Kyle Anderson,Nov 6 '14 SAS @ HOU,21,1,33,358,31,89,3,11,9,14,5,72,28,15,7,10,28,74,0.348,0.273,0.643,10.8,2.2,2.2,0.8,SAS_2014,56.5,2014,67,YES,1
Doug McDermott,Oct 29 '14 CHI @ NYK,23,1,36,321,43,107,13,41,10,15,6,43,6,4,1,17,29,109,0.402,0.317,0.667,8.9,3.0,1.2,0.2,CHI_2014,50.5,2014,42,YES,1
Nikola Mirotić,Oct 29 '14 CHI @ NYK,23,1,82,1654,253,624,99,313,228,284,63,404,97,54,54,89,172,833,0.405,0.316,0.803,20.2,10.2,4.9,1.2,CHI_2014,50.5,2014,42,YES,1
Dante Exum,Oct 29 '14 UTA vs. HOU,19,1,82,1817,145,416,83,264,20,32,27,131,198,41,14,118,147,393,0.349,0.314,0.625,22.2,4.8,1.6,2.4,UTA_2014,42.5,2014,40,NO,1
Rodney Hood,Oct 29 '14 UTA vs. HOU,22,1,50,1064,155,374,62,170,61,80,9,117,83,30,12,45,119,433,0.414,0.365,0.763,21.3,8.7,2.3,1.7,UTA_2014,42.5,2014,40,NO,1
Joe Ingles,Oct 29 '14 UTA vs. HOU,27,1,79,1673,147,354,72,202,30,40,22,175,182,72,10,98,124,396,0.415,0.356,0.75,21.2,5.0,2.2,2.3,UTA_2014,42.5,2014,40,NO,1
Elijah Millsap,Jan 5 '15 UTA vs. IND,27,1,47,924,81,238,28,90,58,86,28,150,58,56,16,67,124,248,0.34,0.311,0.674,19.7,5.3,3.2,1.2,UTA_2014,42.5,2014,40,NO,1
Nik Stauskas,Oct 29 '14 SAC vs. GSW,21,1,73,1127,108,296,48,149,55,64,11,88,67,20,17,40,92,319,0.365,0.322,0.859,15.4,4.4,1.2,0.9,SAC_2014,36.0,2014,33,NO,1
Tarik Black,Oct 28 '14 HOU @ LAL,23,1,63,1196,157,273,0,1,65,118,142,368,42,19,24,48,158,379,0.575,0.0,0.551,19.0,6.0,5.8,0.7,HOU_2014,56.5,2014,41,NO,1
Kostas Papanikolaou,Oct 28 '14 HOU @ LAL,24,1,43,795,69,197,31,106,13,18,39,118,85,29,13,55,71,182,0.35,0.292,0.722,18.5,4.2,2.7,2.0,HOU_2014,56.5,2014,41,NO,1
Bojan Bogdanović,Oct 29 '14 BRK @ BOS,25,1,78,1854,261,576,91,256,87,106,50,213,68,34,9,78,104,700,0.453,0.355,0.821,23.8,9.0,2.7,0.9,BRK_2014,27.5,2014,21,NO,1
Markel Brown,Nov 22 '14 BRK @ SAS,23,1,47,781,76,210,17,64,47,57,16,107,39,31,12,27,57,216,0.362,0.266,0.825,16.6,4.6,2.3,0.8,BRK_2014,27.5,2014,21,NO,1
Cory Jefferson,Oct 29 '14 BRK @ BOS,24,1,50,531,75,167,2,15,31,54,47,145,16,10,21,20,61,183,0.449,0.133,0.574,10.6,3.7,2.9,0.3,BRK_2014,27.5,2014,21,NO,1
Jordan Clarkson,Oct 28 '14 LAL vs. HOU,22,1,59,1476,267,596,38,121,131,158,56,191,206,51,12,96,109,703,0.448,0.314,0.829,25.0,11.9,3.2,3.5,LAL_2014,28.5,2014,17,NO,1
Joe Harris,Oct 31 '14 CLE @ CHI,23,1,51,493,48,120,31,84,9,15,7,41,26,7,2,27,62,136,0.4,0.369,0.6,9.7,2.7,0.8,0.5,CLE_2014,56.5,2014,57,YES,1
James Ennis III,Oct 29 '14 MIA vs. WAS,24,1,62,1051,101,247,31,95,79,94,51,176,48,25,17,39,89,312,0.409,0.326,0.84,17.0,5.0,2.8,0.8,MIA_2014,46.5,2014,48,YES,1
Tyler Johnson,Jan 14 '15 MIA @ GSW,22,1,32,603,70,167,18,48,32,47,14,81,42,33,9,30,42,190,0.419,0.375,0.681,18.8,5.9,2.5,1.3,MIA_2014,46.5,2014,48,YES,1
Shabazz Napier,Oct 29 '14 MIA vs. WAS,23,1,51,1012,87,228,43,118,44,56,17,113,130,40,4,81,76,261,0.382,0.364,0.786,19.8,5.1,2.2,2.5,MIA_2014,46.5,2014,48,YES,1
Spencer Dinwiddie,Oct 29 '14 DET @ DEN,21,1,34,455,51,169,12,65,31,34,4,48,104,19,6,33,53,145,0.302,0.185,0.912,13.4,4.3,1.4,3.1,DET_2014,36.5,2014,44,YES,1
Tyler Ennis,Oct 29 '14 PHO vs. LAL,20,1,33,411,52,144,12,43,5,7,7,35,73,18,5,42,36,121,0.361,0.279,0.714,12.5,3.7,1.1,2.2,PHO_2014,36.5,2014,23,NO,1
T.J. Warren,Nov 9 '14 PHO vs. GSW,21,1,40,614,113,214,5,21,14,19,41,85,25,18,9,27,51,245,0.528,0.238,0.737,15.4,6.1,2.1,0.6,PHO_2014,36.5,2014,23,NO,1
Cleanthony Early,Oct 29 '14 NYK vs. CHI,23,1,39,647,76,214,22,84,36,48,22,97,36,24,12,40,57,210,0.355,0.262,0.75,16.6,5.4,2.5,0.9,NYK_2014,29.5,2014,32,NO,1
Langston Galloway,Jan 7 '15 NYK @ WAS,23,1,45,1457,204,511,62,176,63,78,37,190,150,52,12,61,129,533,0.399,0.352,0.808,32.4,11.8,4.2,3.3,NYK_2014,29.5,2014,32,NO,1
Travis Wear,Oct 29 '14 NYK vs. CHI,24,1,51,672,84,209,11,30,20,26,31,106,40,15,11,35,55,199,0.402,0.367,0.769,13.2,3.9,2.1,0.8,NYK_2014,29.5,2014,32,NO,1
Aaron Gordon,Oct 28 '14 ORL @ NOP,19,1,47,797,93,208,13,48,44,61,46,169,33,21,22,38,83,243,0.447,0.271,0.721,17.0,5.2,3.6,0.7,ORL_2014,34.5,2014,35,NO,1
Elfrid Payton,Oct 28 '14 ORL @ NOP,20,1,82,2489,301,708,11,42,118,214,107,349,533,142,20,203,193,731,0.425,0.262,0.551,30.4,8.9,4.3,6.5,ORL_2014,34.5,2014,35,NO,1
Erick Green,Nov 7 '14 DEN vs. CLE,23,1,43,410,61,162,14,47,10,12,7,31,39,12,0,14,26,146,0.377,0.298,0.833,9.5,3.4,0.7,0.9,DEN_2014,27.5,2014,33,NO,1
Gary Harris,Nov 14 '14 DEN @ IND,20,1,55,719,66,217,21,103,35,47,21,64,29,39,7,38,71,188,0.304,0.204,0.745,13.1,3.4,1.2,0.5,DEN_2014,27.5,2014,33,NO,1
Jusuf Nurkić,Oct 29 '14 DEN vs. DET,20,1,62,1103,171,383,0,2,84,132,125,382,50,52,68,86,207,426,0.446,0.0,0.636,17.8,6.9,6.2,0.8,DEN_2014,27.5,2014,33,NO,1
P.J. Hairston,Nov 4 '14 CHO @ NOP,22,1,45,687,87,269,49,163,31,36,22,92,21,21,13,22,61,254,0.323,0.301,0.861,15.3,5.6,2.0,0.5,CHO_2014,34.0,2014,48,YES,1
Mitch McGary,Dec 14 '14 OKC vs. PHO,22,1,32,485,88,165,0,2,25,40,53,165,14,16,16,31,72,201,0.533,0.0,0.625,15.2,6.3,5.2,0.4,OKC_2014,57.5,2014,55,YES,1
Zach LaVine,Oct 30 '14 MIN vs. DET,19,1,77,1902,286,677,57,167,149,177,27,214,276,54,10,193,158,778,0.422,0.341,0.842,24.7,10.1,2.8,3.6,MIN_2014,27.5,2014,29,NO,1
Glenn Robinson III,Nov 14 '14 MIN @ NOP,21,1,35,261,26,67,5,19,16,24,15,39,11,6,1,11,15,73,0.388,0.263,0.667,7.5,2.1,1.1,0.3,MIN_2014,27.5,2014,29,NO,1
Andrew Wiggins,Oct 29 '14 MIN @ MEM,19,1,82,2969,497,1137,39,126,354,466,134,374,170,86,50,177,190,1387,0.437,0.31,0.76,36.2,16.9,4.6,2.1,MIN_2014,27.5,2014,29,NO,1
Johnny O'Bryant,Dec 17 '14 MIL @ POR,21,1,34,368,44,120,0,0,12,27,26,64,17,5,4,25,44,100,0.367,,0.444,10.8,2.9,1.9,0.5,MIL_2014,42.5,2014,33,NO,1
Adreian Payne,Dec 26 '14 ATL vs. MIL,23,1,32,739,91,220,1,9,30,46,48,162,30,19,9,44,88,213,0.414,0.111,0.652,23.1,6.7,5.1,0.9,ATL_2014,49.5,2014,48,YES,1
Marcus Smart,Oct 29 '14 BOS vs. BRK,20,1,67,1808,175,477,91,272,82,127,61,222,208,99,18,90,176,523,0.367,0.335,0.646,27.0,7.8,3.3,3.1,BOS_2014,45.5,2014,48,YES,1
James Young,Nov 1 '14 BOS @ HOU,19,1,31,332,36,102,17,66,16,29,9,42,13,8,2,5,22,105,0.353,0.258,0.552,10.7,3.4,1.4,0.4,BOS_2014,45.5,2014,48,YES,1
Damjan Rudež,Oct 29 '14 IND vs. PHI,28,1,68,1047,119,263,69,170,16,23,8,47,53,16,5,47,79,323,0.452,0.406,0.696,15.4,4.8,0.7,0.8,IND_2014,41.5,2014,45,YES,1
